experiment_id,M_data,M_over_D,R_stream_index,ideal_F_echo,logical_cx,negative_sample_count,stream_sha256,qasm_sha256
imdb_flat_006_iid_M4_r0,4,1.0,0,0.0,12,3,bf626b717a8a04aa70574015a647c39ff8dc06b821d29e972de5c8e9ba8bc9fa,a279818603bc947878a6761279d5994732bf676cb3f9f307dc280d67e58afffb
imdb_flat_007_iid_M4_r1,4,1.0,1,0.25,14,4,f2d63a605d8c1033a71ea20e700d91046f7f8c5331273feef1fe379540227737,e3f4611bf3bffdf24d57a30dbba0c1348263a2368f0d56812e37af0294c45ef2
imdb_flat_008_iid_M4_r2,4,1.0,2,0.25,10,2,ce6a08e0e728b8174be18416de2b1a23f6c62906d2306bc4cf8e36de59e4e945,e825aec9fc06f60a907c48898cb652bdccca10e301a4eb190063c15632af2221
imdb_flat_009_iid_M4_r3,4,1.0,3,0.25,14,4,73d0cbf947c54ace6ea4e56d6cd16e2fd6b2cec31e1c05caa975633cf595067f,39e3c8bd3510dd2873627625ef43f8c7a8e8d871f2827ce87f829176550079c2
imdb_flat_010_iid_M4_r4,4,1.0,4,3.749399456654644e-33,8,1,d340dbc1256765fea41925fda295bdfeaa1055cbfeae0fdba8608e3116d746dc,9787d6f49ceef3c6abaf07b5caffe0994f8029073ba2170d4778187d5afa800b
imdb_flat_011_iid_M4_r5,4,1.0,5,0.25,14,4,3329c5189b4d5e933aa3456978f1e060afda2b439d59361dfbe98b34e2512f2c,d2cbd310675659d8588bbd65c60e44f648e2bb10971a094e0a6e65d854ca83d6
imdb_flat_012_iid_M4_r6,4,1.0,6,1.4997597826618576e-32,12,3,6dca6c68c8e5ddd435f91a5842e5faace1be3a267f364a880c20e1d3e3efb29b,2d3290eccd42f7db9d3175b776987ac78ba4d6e1c87fc548f5d30a61ed6ea2f7
imdb_flat_013_iid_M4_r7,4,1.0,7,0.25,10,2,b64c0d4ec2af5aba75d0e38754bd4da29669e6bd54220441f3710964fdb4ece3,b477d9c98038a2bd3dc8608c2144cc6bef24c33d7978c6b06fde0ade3f47408e
imdb_flat_014_iid_M4_r8,4,1.0,8,0.25,10,2,57afab5e450b0bbe35b2ed8395f802f72f49ae3dc3b0725c9632660af41ac0fd,f67265bca02ba196219411c5307595099b1fed02e1162ef47c0e2a836fdad58b
imdb_flat_015_iid_M4_r9,4,1.0,9,3.749399456654644e-33,8,1,5778f985db754c6628691f56fadae50c65fddbe8eb2e93039633fefa05d45e31,04d86187675907a8dd846d5250f35813ece92034688e2db3615b2a12d804c53c
imdb_flat_016_iid_M4_r10,4,1.0,10,0.0,12,3,6a70b00ccd6b375554ee2139cada181d701e79185a4a113af8f5e6fa04c829f6,b057c19b3c2a2912995957c77747d4d3368f5ef8859abd3cac08eab2bb1bdd7c
imdb_flat_017_iid_M4_r11,4,1.0,11,0.0,12,3,81c3a337bf8b7341ea7b77820365a4d29fb80609b4ba67298e767975baa2359f,db45c076cb5f68c849e1364f9efc0557f65d93898bf11a65d3ab53ed91a1f959
imdb_flat_018_iid_M4_r12,4,1.0,12,0.25,14,4,7a87bdb1cc8d6df4973f30cb6d3dd63eebedb51dd58396349b48ffa6148aa8fb,cfbf445af15c0b0922fbcb9c2d8add155ec5d69650afeff705738eb45e154ddd
imdb_flat_019_iid_M4_r13,4,1.0,13,0.25,14,4,2f168d7a99669e492ffbbaccda9b0a1cb090578c6df8e50a772f1fb57303bd83,f05d3c033b7b458bc0d43355858b9417360ffa8e9c15223401398fe8698d4f35
imdb_flat_020_iid_M4_r14,4,1.0,14,0.25,10,2,fa9cc3e0088a2fc6ba7ba2f4224f88fc8ae064aa2bb29e4414235fd4fbc5e87f,ca7f8bfd48b88c7e894c9172ca1cc7b2cc27e78689987c480fb543085bec6fdc
imdb_flat_021_iid_M4_r15,4,1.0,15,1.0,12,3,45a9157e73c20b7d027d0c3d494e17ab9d957322deb326fff3791607f5943417,f34faa539b1e7881b6ff96c995b98c9ad0e8530f6eaddd7a32c5196a003ba470
imdb_flat_022_iid_M4_r16,4,1.0,16,0.25,14,4,6d070fc69e738742c1ecd5f6ee4d7b5cc93140b3e64677847ebfbe4a741b2673,914a2f1cdb694b943ec4a68b85d0bff27b53df36b1caddb7330cf9de4d4c9d11
imdb_flat_023_iid_M4_r17,4,1.0,17,0.25,14,4,0ed4fbb6e324c59a174f607e291961e11606dd5377df9befb74f6962f613e37d,c397aa424e60ccb1d38e0f56dfebf7f86c93e5c9775ddf64d77aca35eff55ada
imdb_flat_024_iid_M4_r18,4,1.0,18,1.4997597826618576e-32,12,3,5cce1c2c5058a9ecbe78b360130f5dcf2037e509b9084206c5e816965f5cae2c,1b3c7d83f04e995008786bdb3eee6399a5d13c7037f760385214c50bca1d483a
imdb_flat_025_iid_M4_r19,4,1.0,19,0.25,14,4,2f168d7a99669e492ffbbaccda9b0a1cb090578c6df8e50a772f1fb57303bd83,f05d3c033b7b458bc0d43355858b9417360ffa8e9c15223401398fe8698d4f35
imdb_flat_026_iid_M16_r0,16,4.0,0,0.8901650429449554,28,11,e65efa1e16019fd8c07f9ef2cd1497e8a1a18eadbaf1fa99cd0a2c55e8e7c945,dc1c47028a3201badcf3a39140fd6a362be5cad3f5a777f440c844b938c14a21
imdb_flat_027_iid_M16_r1,16,4.0,1,0.03661165235168155,32,13,ce061b83ff99de596f33e13ecd37293c9448c2b818a3aa27c2d94d94d6d1c893,0866e4a1e27e26e765de17e48c65279c62e6b564c51ecfb5722a28c6536c3ba5
imdb_flat_028_iid_M16_r2,16,4.0,2,0.25,26,10,2a114fe8215a7c99a197ce5ba9c0d7a118675579986a061dd637103c4130b5e2,449646fd82f9868de0ac5a46a2a84ba584746b8a084e5185f3ee603b5a5c5590
imdb_flat_029_iid_M16_r3,16,4.0,3,0.021446609406726238,22,8,9ed1fc0ea45084a117aa52c62f7996a2410b8aad380624afac5f00b7b70e265b,7f48c07f6db7287b740b89ee28dc62bbc3bce024c86ead87d21d6d5ee56a9435
imdb_flat_030_iid_M16_r4,16,4.0,4,0.5000000000000001,38,16,882072e399a449d309b6dc1fb5612f23cb1e0f2e4db4ac95a075682cf36d97a7,0c537fcf4700703f4cc1cb05ed75cfaddade31c7eaf022662ae8f0d60c07ce09
imdb_flat_031_iid_M16_r5,16,4.0,5,0.6401650429449552,36,15,adbd6fcbd271ed7702ecc84a429e93160bb9a03ddcc700b3521424c411a7cc07,5725c1f9f88422b92f3fab25f22138773748f3090ddcf8a3bbd24e4f9c390a9d
imdb_flat_032_iid_M16_r6,16,4.0,6,0.25,30,12,0e04cd41910171fb7b4ca8bbbb8b7ff0f4eb041959831e14eee2315e23179de8,a9573532b6f9e4b0d27cb19a8370feadb109a0321abe046064cb001fa23c1894
imdb_flat_033_iid_M16_r7,16,4.0,7,0.46338834764831843,28,11,0871a7f1e39f996ca2cb69ac6ee0738b9a5e8ce0c9510d088a79a0344f67ce9d,677d6cba64d910475449f56bd6b5fc1aa6ebadbc58fc279282cd3a4c16b163d9
imdb_flat_034_iid_M16_r8,16,4.0,8,0.7285533905932737,30,12,36d1c9c9618ec28bb464d52fd64c5c4765f4e8207828dac127c4df4ec620a60d,7fc4fee023ed19edb0897c10f96c6bfd3039d0eab31af660486f28b0e626b2a1
imdb_flat_035_iid_M16_r9,16,4.0,9,0.7285533905932737,30,12,ab111d7a6c4798cd8ad8ed053c96136f65072e79d5da7f094388b02267ba9dcb,18884cfdb303171fa7a8b03b9d7b1b0c33228cf1c05c76ce5d048032a8fccd06
imdb_flat_036_iid_M16_r10,16,4.0,10,0.7285533905932737,38,16,d4f1096e59ab7977b0669949556ee58681a12af1a1205af2e9ed28928bb2252d,7cee06138ac98157b00df0dbbd132131473e862b2e6b27e9143f2e26058780cb
imdb_flat_037_iid_M16_r11,16,4.0,11,0.4267766952966369,34,14,5af5b5babaddf9bd6d4ec911c018239a0ac1243b9ceb3a50a0bd51e0d744adc2,18f270534283dbfb3265c8bc761fc4fabd9cbe74256761d852827a4b594c99de
imdb_flat_038_iid_M16_r12,16,4.0,12,0.25,34,14,6777a6bf9776cfe86aa5628ae798fa7bf44b8cf10c4157fd440076a528c534a6,8e404418ee0cda2ae31e766d90b7e848ccc8b971a6c8835db190dd9c285d762b
imdb_flat_039_iid_M16_r13,16,4.0,13,0.37499999999999994,30,12,016c591ece75fb776a00cc9faf83254ccc66fda27e727938353a4ab26c71a8c6,fa4f905d593e671c5f0acf28467f549eba4a4a3c75d6df36ab348ba3245c0a72
imdb_flat_040_iid_M16_r14,16,4.0,14,0.12499999999999997,30,12,8c7f4e0d3df4ea8da56e99e3ccaf822371edcaf0a16968c6a488aa727e6c0e2b,f8a3f17ab0efb8aa52d646510873251e1b0e0ea8e2a985cca0b6398df94b9906
imdb_flat_041_iid_M16_r15,16,4.0,15,0.7285533905932737,30,12,f44763081adacc15228782018d4555bbc3ac71ea299d60a747b7fa65a1ced9d4,c8336e53d5c6507219fd588668d8d0d6612a1fe50e1fb53c78d6c976790a7f18
imdb_flat_042_iid_M16_r16,16,4.0,16,0.10983495705504469,32,13,e0932efac02fd65cb3f85ca0edc4c5f9a05e29992cd80928653fe75ac91068d2,3a4f48e34c548d1ba0356add5a84e92c270c66f925a04be19cb57432bb64d591
imdb_flat_043_iid_M16_r17,16,4.0,17,0.8535533905932737,34,14,4e5c73e52d57f2272e686f4c4a2d391885dd4a1c2adc3f521dd32313a9b5d1f4,0104a52ef230380ad1f4d25e0d144892e5859eee3489639155134638f527a648
imdb_flat_044_iid_M16_r18,16,4.0,18,0.12499999999999994,30,12,9cbcc996169c17581cfc5a69a0a63b234ab4857484dc0c14ec1636d2128df4a7,a5ac3cbca6b467f35af55baba76fe905e7181fe9597fc5ae0376670d9bd5c530
imdb_flat_045_iid_M16_r19,16,4.0,19,0.8901650429449554,28,11,6f8cd5dc98e50af8e4cc98230e7d973d86b0693b2fa6932e4909afdfc5703a06,b57dc99dbda9b92c85407dc3eebfc8f1a5d4767dad04c1440f1af1456c23a900
imdb_flat_046_iid_M32_r0,32,8.0,0,0.09526993616913665,54,24,d6f44ebeff5dc908aed02e6f307f3eb6edc975e0f3922d01bcd4f6dc9ae60ca3,c9d40bce9a3420d531314f5e2a4364243e23376172085211d8ead56c8b0483c4
imdb_flat_047_iid_M32_r1,32,8.0,1,0.34172959184027196,60,27,398d875af047fd3862615f9d1d01bd48fb0b3c29c5051339cfa15c30858f50f6,931486f1128962f8d482dcd0cc97cd62106ef25b52b5a4c1c674e135e7763a6b
imdb_flat_048_iid_M32_r2,32,8.0,2,0.1616116523516815,54,24,b135b4e4173dbeb76328511a9790db4a047b08f6658f681dec632c61880a05a4,c32fe4324f7766d1981fa95b77dfc4e3a596da80df4d614755ba8bbcae93327d
imdb_flat_049_iid_M32_r3,32,8.0,3,0.586155799655183,44,19,f9522dc365382ca6cc72269be312c979b2d05a0edcce89b30e6e8724916853cf,670732e1c3e60b18ea563912350cc9f1d9ad32bf0bb98eed65d205cd07dbf822
imdb_flat_050_iid_M32_r4,32,8.0,4,0.46338834764831843,58,26,beb72711e7cfaf3f6fa4c6e43f665de6dd78277d0cedd6f1032e41c327f38222,e27f3d1e7cd10a4a429fcde49d0d64860a74fcfbab19b19c052eb300913b984b
imdb_flat_051_iid_M32_r5,32,8.0,5,0.3383883476483186,54,24,7c808c3042d5868182dcfb4c24dc93854129ee90b8dc39e0380114369437157a,4bad68e4a4cc369f68092a211ccde946c7cd868de6e04dd674fb495765c009f3
imdb_flat_052_iid_M32_r6,32,8.0,6,0.2404849415639108,60,27,904512c7e1c0e6c0d36325cb902f280e5ea8fc7efd716f7dcc6ea2f1ed60e4be,7d36cb5158794ce96ffb0885eb841dd62b0d5fe355d97a38dddf726aac21b4ed
imdb_flat_053_iid_M32_r7,32,8.0,7,0.8982315199883694,52,23,a4675153a9e763773c2ddd9d0f80ae5ee0527a630fb01291a169497e2ae4eb49,a8866d16a3164332efa76c8da770247fd5409607d08372729baf0e6f312c24c8
imdb_flat_054_iid_M32_r8,32,8.0,8,0.21338834764831843,58,26,b6ae3ae4d123236117f7fbae58d916c5b70f0859bf97b409dfa13ade95fc4ae0,2b1ba9d8e5c6f17786cb283ef0c0a7ebab700574db6dba4d4a8cd4f7f31be8ef
imdb_flat_055_iid_M32_r9,32,8.0,9,0.29783542904563637,56,25,3faf14a25a5ee45c039532f0deb27685a90d14fc4812dcec9b763e07c39f7a8f,7791b79098f52cd4a6eb9723888b50c1af67eba7d97ef05fb96f5f6139c93364
imdb_flat_056_iid_M32_r10,32,8.0,10,0.4779533685342265,54,24,0091ce1a2a47ba9681e20cfe9d6b2cd35936f9d9d5f9701f6c5a374f68e965e5,2eb1608bb4bb9bfdcd533b0c7f0914591140a945fc8ed9393d8996ac366f348b
imdb_flat_057_iid_M32_r11,32,8.0,11,0.7900290888674126,54,24,16f79a30bdf2012dd7a4550ce038f163cf1ec656f1f35a244c47831548a11294,d7aa2fdaa6c960fd24a986e25873214dca00d9cd7a4fd28c77d30d690547d2ad
imdb_flat_058_iid_M32_r12,32,8.0,12,0.8305820074700948,52,23,1cf13063110359239f5f47e85e3ecef9c1aaa96fb4ad941c9cdc0f4b50dd1a27,4deff4ff53514cf26a0f3f8c90f0f4042076ce33427907c1cd423d93394877df
imdb_flat_059_iid_M32_r13,32,8.0,13,0.8901650429449554,58,26,6f50b0a8856ba3dbbb0f1536d5321e52d094da2c7b4d69449a3157678a62364f,cab1d4d4940f1d0d45c66adbb14e80e44845c0ab3f92d1de926ccd08d38367b5
imdb_flat_060_iid_M32_r14,32,8.0,14,0.7016407412190943,58,26,4ca68df8311df20ed2cc1c778e5776d8265d404ad77732851860c5f71215dd03,983edfd522191f20b37bc76db21ab5292e2c7854aa68dd671141b323406daa44
imdb_flat_061_iid_M32_r15,32,8.0,15,0.4267766952966369,46,20,ca1b64f1cc799d656c735194d2652121ea7c6651dfdd05135a942d98b8e6e869,92c3026bdee3f61da76323c24161a31d5851360d49691cd2725eb68f7352c28f
imdb_flat_062_iid_M32_r16,32,8.0,16,0.3112917537327262,48,21,77f279d7f4e529f450f836a0b06fbc7a1a497696e229091f220749d929f0ebd0,c55e79fa61998ba529f7919d5b352fabc1d17ba0f2bcac4c88d71e673937b365
imdb_flat_063_iid_M32_r17,32,8.0,17,0.8305820074700948,56,25,3da73e9023c80175d035313523a16402d6f07f541534943f5c0d640208cdb90b,3ffb1a0f18b95d3e58f37aba35e0b8ab32b0fa36bf5a3e2dcd23c47efb0f4ef6
imdb_flat_064_iid_M32_r18,32,8.0,18,0.9619397662556436,58,26,223892441dacf55f391f295bc7c7dc34d9eb85a549caa143479591779f956b3f,618469f2bffeef22229cdfdc4b8328d039bc9aa2aff0d3fa41ce48b9858bc5bd
imdb_flat_065_iid_M32_r19,32,8.0,19,0.3456708580912725,58,26,47bf93d8b4b1a6fcb44a92ce64a04672446a22db3c000589b3d3be2412f89607,6e6576d08e253278abae0687a1e69f109b7e1c812df010314a446cba41d7a12e
