M_over_N,M_data,stream_index,ideal_F_echo,transpiled_depth_local,local_cx_count,generic_noise_F_echo,shot_ci95_halfwidth,counts
1,4,0,3.749399456654644e-33,49,24,0.0166015625,0.00553388760874498,"{""00"": 34, ""01"": 70, ""10"": 71, ""11"": 1873}"
1,4,1,0.0,95,48,0.0361328125,0.008082590516156105,"{""00"": 74, ""01"": 92, ""10"": 105, ""11"": 1777}"
1,4,2,0.25,118,60,0.24951171875,0.01874168036082041,"{""00"": 511, ""01"": 479, ""10"": 528, ""11"": 530}"
1,4,3,0.25,118,60,0.2587890625,0.018968586243043574,"{""00"": 530, ""01"": 492, ""10"": 514, ""11"": 512}"
1,4,4,3.749399456654644e-33,49,24,0.01708984375,0.005613284477360381,"{""00"": 35, ""01"": 58, ""10"": 61, ""11"": 1894}"
1,4,5,0.0,95,48,0.03369140625,0.007814632970985266,"{""00"": 69, ""01"": 96, ""10"": 103, ""11"": 1780}"
1,4,6,3.749399456654644e-33,49,24,0.01953125,0.005993396264100509,"{""00"": 40, ""01"": 71, ""10"": 66, ""11"": 1871}"
1,4,7,1.0,95,48,0.876953125,0.01422704088138904,"{""00"": 1796, ""01"": 87, ""10"": 101, ""11"": 64}"
1,4,8,0.0,95,48,0.0361328125,0.008082590516156105,"{""00"": 74, ""01"": 92, ""10"": 94, ""11"": 1788}"
1,4,9,0.25,118,60,0.263671875,0.019083529191976333,"{""00"": 540, ""01"": 500, ""10"": 510, ""11"": 498}"
1,4,10,0.25,118,60,0.24658203125,0.018667656245332884,"{""00"": 505, ""01"": 489, ""10"": 521, ""11"": 533}"
1,4,11,1.0,95,48,0.87353515625,0.01439515001864063,"{""00"": 1789, ""01"": 85, ""10"": 112, ""11"": 62}"
1,4,12,0.25,72,36,0.25341796875,0.018838597383782366,"{""00"": 519, ""01"": 555, ""10"": 488, ""11"": 486}"
1,4,13,0.25,118,60,0.24951171875,0.01874168036082041,"{""00"": 511, ""01"": 495, ""10"": 520, ""11"": 522}"
1,4,14,0.25,118,60,0.255859375,0.01889814904739117,"{""00"": 524, ""01"": 520, ""10"": 502, ""11"": 502}"
1,4,15,3.749399456654644e-33,49,24,0.02001953125,0.006066340139069333,"{""00"": 41, ""01"": 58, ""10"": 55, ""11"": 1894}"
1,4,16,0.25,72,36,0.2666015625,0.01915104296408213,"{""00"": 546, ""01"": 521, ""10"": 485, ""11"": 496}"
1,4,17,0.25,72,36,0.2490234375,0.01872942302040087,"{""00"": 510, ""01"": 531, ""10"": 493, ""11"": 514}"
1,4,18,3.749399456654644e-33,141,72,0.04052734375,0.008540464001351384,"{""00"": 83, ""01"": 118, ""10"": 144, ""11"": 1703}"
1,4,19,1.0,95,48,0.87841796875,0.014153908969400709,"{""00"": 1799, ""01"": 87, ""10"": 76, ""11"": 86}"
1,4,20,1.0,95,48,0.8701171875,0.014559813467547967,"{""00"": 1782, ""01"": 101, ""10"": 106, ""11"": 59}"
1,4,21,0.25,118,60,0.25244140625,0.018814557552097343,"{""00"": 517, ""01"": 524, ""10"": 476, ""11"": 531}"
1,4,22,0.25,72,36,0.2373046875,0.01842552165709241,"{""00"": 486, ""01"": 522, ""10"": 520, ""11"": 520}"
1,4,23,1.0,95,48,0.8701171875,0.014559813467547967,"{""00"": 1782, ""01"": 106, ""10"": 93, ""11"": 67}"
1,4,24,3.749399456654644e-33,141,72,0.05517578125,0.009888737517637592,"{""00"": 113, ""01"": 142, ""10"": 119, ""11"": 1674}"
1,4,25,0.25,118,60,0.26220703125,0.019049365641819957,"{""00"": 537, ""01"": 514, ""10"": 481, ""11"": 516}"
1,4,26,0.25,118,60,0.23779296875,0.018438563149519988,"{""00"": 487, ""01"": 525, ""10"": 495, ""11"": 541}"
1,4,27,0.25,118,60,0.2451171875,0.018630209826987567,"{""00"": 502, ""01"": 510, ""10"": 518, ""11"": 518}"
1,4,28,0.0,95,48,0.037109375,0.008186935980494208,"{""00"": 76, ""01"": 96, ""10"": 98, ""11"": 1778}"
1,4,29,1.0,95,48,0.85498046875,0.015250442339928994,"{""00"": 1751, ""01"": 106, ""10"": 124, ""11"": 67}"
2,8,0,0.12499999999999997,164,84,0.15478515625,0.015665321341133527,"{""00"": 317, ""01"": 356, ""10"": 320, ""11"": 1055}"
2,8,1,0.6250000000000001,118,60,0.54443359375,0.021569466255987057,"{""00"": 1115, ""01"": 303, ""10"": 316, ""11"": 314}"
2,8,2,0.5000000000000001,187,96,0.43017578125,0.021442949615650936,"{""00"": 881, ""01"": 189, ""10"": 138, ""11"": 840}"
2,8,3,0.25,95,48,0.25634765625,0.018909965925316782,"{""00"": 525, ""01"": 484, ""10"": 511, ""11"": 528}"
2,8,4,1.0,141,72,0.81982421875,0.016645608427773687,"{""00"": 1679, ""01"": 135, ""10"": 124, ""11"": 110}"
2,8,5,0.6250000000000001,118,60,0.54443359375,0.021569466255987057,"{""00"": 1115, ""01"": 310, ""10"": 322, ""11"": 301}"
2,8,6,0.6250000000000001,164,84,0.5126953125,0.021648163687393366,"{""00"": 1050, ""01"": 371, ""10"": 307, ""11"": 320}"
2,8,7,0.12499999999999997,118,60,0.1572265625,0.015765562640540326,"{""00"": 322, ""01"": 311, ""10"": 330, ""11"": 1085}"
2,8,8,0.6250000000000001,118,60,0.5478515625,0.021555746358046322,"{""00"": 1122, ""01"": 284, ""10"": 325, ""11"": 317}"
2,8,9,0.6250000000000001,118,60,0.546875,0.021559770936616082,"{""00"": 1120, ""01"": 331, ""10"": 288, ""11"": 309}"
2,8,10,1.0,141,72,0.8134765625,0.016870592014017777,"{""00"": 1666, ""01"": 147, ""10"": 127, ""11"": 108}"
2,8,11,0.6250000000000001,164,84,0.5341796875,0.02160448863334611,"{""00"": 1094, ""01"": 316, ""10"": 328, ""11"": 310}"
2,8,12,0.6250000000000001,118,60,0.54443359375,0.021569466255987057,"{""00"": 1115, ""01"": 327, ""10"": 323, ""11"": 283}"
2,8,13,0.25,141,72,0.27490234375,0.019336531153148775,"{""00"": 563, ""01"": 487, ""10"": 499, ""11"": 499}"
2,8,14,1.0,141,72,0.8271484375,0.01637643919054764,"{""00"": 1694, ""01"": 138, ""10"": 121, ""11"": 95}"
2,8,15,1.0,141,72,0.8271484375,0.01637643919054764,"{""00"": 1694, ""01"": 136, ""10"": 121, ""11"": 97}"
2,8,16,0.12499999999999997,118,60,0.14794921875,0.015377303030218566,"{""00"": 303, ""01"": 336, ""10"": 271, ""11"": 1138}"
2,8,17,0.25,141,72,0.2392578125,0.01847748717802824,"{""00"": 490, ""01"": 554, ""10"": 501, ""11"": 503}"
2,8,18,0.0,141,72,0.05029296875,0.009465412782054526,"{""00"": 103, ""01"": 132, ""10"": 139, ""11"": 1674}"
2,8,19,0.12499999999999997,118,60,0.138671875,0.014968200892528762,"{""00"": 284, ""01"": 307, ""10"": 289, ""11"": 1168}"
2,8,20,0.6250000000000001,118,60,0.55126953125,0.021541000437975435,"{""00"": 1129, ""01"": 301, ""10"": 326, ""11"": 292}"
2,8,21,0.6250000000000001,164,84,0.51513671875,0.021645219634426963,"{""00"": 1055, ""01"": 336, ""10"": 339, ""11"": 318}"
2,8,22,0.25,141,72,0.24609375,0.018655206430663603,"{""00"": 504, ""01"": 539, ""10"": 485, ""11"": 520}"
2,8,23,0.6250000000000001,164,84,0.5166015625,0.021643205051655776,"{""00"": 1058, ""01"": 322, ""10"": 355, ""11"": 313}"
2,8,24,1.0,141,72,0.82470703125,0.016467330123806037,"{""00"": 1689, ""01"": 127, ""10"": 142, ""11"": 90}"
2,8,25,0.25,187,96,0.25244140625,0.018814557552097343,"{""00"": 517, ""01"": 497, ""10"": 530, ""11"": 504}"
2,8,26,0.25,141,72,0.2451171875,0.018630209826987567,"{""00"": 502, ""01"": 530, ""10"": 518, ""11"": 498}"
2,8,27,0.12500000000000003,72,36,0.13525390625,0.014811884199039642,"{""00"": 277, ""01"": 288, ""10"": 297, ""11"": 1186}"
2,8,28,1.0,141,72,0.8154296875,0.016802166282790396,"{""00"": 1670, ""01"": 156, ""10"": 114, ""11"": 108}"
2,8,29,1.0,141,72,0.80517578125,0.017153704270024477,"{""00"": 1649, ""01"": 164, ""10"": 123, ""11"": 112}"
4,16,0,0.8901650429449554,256,132,0.64306640625,0.020749742847990662,"{""00"": 1317, ""01"": 242, ""10"": 269, ""11"": 220}"
4,16,1,0.10983495705504469,256,132,0.1533203125,0.015604523569256101,"{""00"": 314, ""01"": 477, ""10"": 468, ""11"": 789}"
4,16,2,0.25,325,168,0.26025390625,0.019003389234851193,"{""00"": 533, ""01"": 521, ""10"": 516, ""11"": 478}"
4,16,3,0.46338834764831843,210,108,0.3955078125,0.021176977475297818,"{""00"": 810, ""01"": 457, ""10"": 436, ""11"": 345}"
4,16,4,0.25,141,72,0.25439453125,0.018862511739599203,"{""00"": 521, ""01"": 511, ""10"": 528, ""11"": 488}"
4,16,5,0.28661165235168157,302,156,0.25439453125,0.018862511739599203,"{""00"": 521, ""01"": 278, ""10"": 277, ""11"": 972}"
4,16,6,0.7285533905932737,233,120,0.546875,0.021559770936616082,"{""00"": 1120, ""01"": 363, ""10"": 365, ""11"": 200}"
4,16,7,0.8901650429449554,210,108,0.67138671875,0.020343235379806236,"{""00"": 1375, ""01"": 214, ""10"": 244, ""11"": 215}"
4,16,8,0.7285533905932737,233,120,0.5537109375,0.021529838299114156,"{""00"": 1134, ""01"": 361, ""10"": 356, ""11"": 197}"
4,16,9,0.28661165235168157,118,60,0.27197265625,0.019272034400915065,"{""00"": 557, ""01"": 165, ""10"": 156, ""11"": 1170}"
4,16,10,0.8535533905932737,279,144,0.61572265625,0.02106716284921974,"{""00"": 1261, ""01"": 208, ""10"": 244, ""11"": 335}"
4,16,11,1.0,233,120,0.72900390625,0.01925030160933161,"{""00"": 1493, ""01"": 189, ""10"": 187, ""11"": 179}"
4,16,12,0.46338834764831843,210,108,0.388671875,0.021111536439123207,"{""00"": 796, ""01"": 493, ""10"": 447, ""11"": 312}"
4,16,13,0.37499999999999994,141,72,0.33642578125,0.020463526688120653,"{""00"": 689, ""01"": 335, ""10"": 314, ""11"": 710}"
4,16,14,0.6250000000000001,187,96,0.51708984375,0.02164249215437296,"{""00"": 1059, ""01"": 314, ""10"": 346, ""11"": 329}"
4,16,15,0.46338834764831843,210,108,0.38134765625,0.021036571815450184,"{""00"": 781, ""01"": 468, ""10"": 491, ""11"": 308}"
4,16,16,0.6401650429449552,302,156,0.46923828125,0.021614122511746547,"{""00"": 961, ""01"": 283, ""10"": 276, ""11"": 528}"
4,16,17,0.10983495705504469,256,132,0.173828125,0.016412937708594057,"{""00"": 356, ""01"": 463, ""10"": 465, ""11"": 764}"
4,16,18,0.37499999999999994,325,168,0.3173828125,0.02015911242763906,"{""00"": 650, ""01"": 389, ""10"": 368, ""11"": 641}"
4,16,19,0.8901650429449554,256,132,0.63623046875,0.02083586270902131,"{""00"": 1303, ""01"": 272, ""10"": 242, ""11"": 231}"
4,16,20,0.8901650429449554,256,132,0.63037109375,0.020906060544218976,"{""00"": 1291, ""01"": 277, ""10"": 256, ""11"": 224}"
4,16,21,0.03661165235168156,256,132,0.099609375,0.012970499012677607,"{""00"": 204, ""01"": 260, ""10"": 257, ""11"": 1327}"
4,16,22,0.6250000000000001,187,96,0.49560546875,0.021654308753476136,"{""00"": 1015, ""01"": 321, ""10"": 356, ""11"": 356}"
4,16,23,0.7285533905932737,233,120,0.56787109375,0.021454709357633286,"{""00"": 1163, ""01"": 357, ""10"": 357, ""11"": 171}"
4,16,24,0.46338834764831843,256,132,0.38916015625,0.021116355187888777,"{""00"": 797, ""01"": 452, ""10"": 458, ""11"": 341}"
4,16,25,0.25,233,120,0.25439453125,0.018862511739599203,"{""00"": 521, ""01"": 511, ""10"": 499, ""11"": 517}"
4,16,26,0.10983495705504469,256,132,0.162109375,0.01596205586731878,"{""00"": 332, ""01"": 432, ""10"": 475, ""11"": 809}"
4,16,27,0.8535533905932737,279,144,0.6142578125,0.02108215534356749,"{""00"": 1258, ""01"": 213, ""10"": 218, ""11"": 359}"
4,16,28,0.6401650429449552,164,84,0.54248046875,0.021576846293923483,"{""00"": 1111, ""01"": 191, ""10"": 209, ""11"": 537}"
4,16,29,0.21338834764831838,164,84,0.2236328125,0.018046477486827438,"{""00"": 458, ""01"": 444, ""10"": 433, ""11"": 713}"
8,32,0,0.2500000000000001,371,192,0.2509765625,0.018778261482471567,"{""00"": 514, ""01"": 520, ""10"": 470, ""11"": 544}"
8,32,1,0.8305820074700946,394,204,0.54638671875,0.021561751832110454,"{""00"": 1119, ""01"": 355, ""10"": 344, ""11"": 230}"
8,32,2,0.5581344540821855,486,252,0.35498046875,0.020724294595014806,"{""00"": 727, ""01"": 489, ""10"": 443, ""11"": 389}"
8,32,3,0.8982315199883694,348,180,0.57861328125,0.021385810584552016,"{""00"": 1185, ""01"": 261, ""10"": 289, ""11"": 313}"
8,32,4,0.5996121243422731,440,228,0.4189453125,0.02136870814671062,"{""00"": 858, ""01"": 442, ""10"": 420, ""11"": 328}"
8,32,5,0.7900290888674127,509,264,0.44921875,0.021543169893932207,"{""00"": 920, ""01"": 329, ""10"": 396, ""11"": 403}"
8,32,6,0.8982315199883694,486,252,0.4970703125,0.021654773435443468,"{""00"": 1018, ""01"": 349, ""10"": 300, ""11"": 381}"
8,32,7,0.46338834764831843,463,240,0.3720703125,0.02093433226279079,"{""00"": 762, ""01"": 465, ""10"": 459, ""11"": 362}"
8,32,8,0.9253281139039617,417,216,0.5576171875,0.021510885753473756,"{""00"": 1142, ""01"": 313, ""10"": 312, ""11"": 281}"
8,32,9,0.8305820074700946,394,204,0.52392578125,0.0216303382922715,"{""00"": 1073, ""01"": 348, ""10"": 347, ""11"": 280}"
8,32,10,0.7685062871369085,348,180,0.50390625,0.021654484301169098,"{""00"": 1032, ""01"": 347, ""10"": 348, ""11"": 321}"
8,32,11,1.0,417,216,0.5966796875,0.021246469270978858,"{""00"": 1222, ""01"": 271, ""10"": 278, ""11"": 277}"
8,32,12,0.7685062871369089,486,252,0.466796875,0.021607345096796887,"{""00"": 956, ""01"": 378, ""10"": 365, ""11"": 349}"
8,32,13,0.8305820074700946,440,228,0.5263671875,0.02162501365945087,"{""00"": 1078, ""01"": 353, ""10"": 360, ""11"": 257}"
8,32,14,0.7016407412190943,463,240,0.4287109375,0.021433906492409595,"{""00"": 878, ""01"": 441, ""10"": 401, ""11"": 328}"
8,32,15,0.7685062871369085,348,180,0.53173828125,0.021611473881970756,"{""00"": 1089, ""01"": 307, ""10"": 354, ""11"": 298}"
8,32,16,0.8901650429449554,371,192,0.572265625,0.021427771268108214,"{""00"": 1172, ""01"": 321, ""10"": 273, ""11"": 282}"
8,32,17,0.9714548246917326,440,228,0.59619140625,0.02125062608059535,"{""00"": 1221, ""01"": 296, ""10"": 291, ""11"": 240}"
8,32,18,0.7685062871369085,348,180,0.51611328125,0.021643897262779183,"{""00"": 1057, ""01"": 324, ""10"": 332, ""11"": 335}"
8,32,19,0.6250000000000001,509,264,0.39990234375,0.021216758606314418,"{""00"": 819, ""01"": 419, ""10"": 418, ""11"": 392}"
8,32,20,0.653805312173458,532,276,0.42041015625,0.02137903400730077,"{""00"": 861, ""01"": 370, ""10"": 379, ""11"": 438}"
8,32,21,0.8305820074700946,440,228,0.49951171875,0.021655134847857672,"{""00"": 1023, ""01"": 377, ""10"": 319, ""11"": 329}"
8,32,22,0.7900290888674126,325,168,0.5302734375,0.021615415670079772,"{""00"": 1086, ""01"": 295, ""10"": 289, ""11"": 378}"
8,32,23,0.7900290888674126,325,168,0.5302734375,0.021615415670079772,"{""00"": 1086, ""01"": 263, ""10"": 330, ""11"": 369}"
8,32,24,1.0,417,216,0.578125,0.021389166704936003,"{""00"": 1184, ""01"": 282, ""10"": 302, ""11"": 280}"
8,32,25,0.8982315199883694,486,252,0.4921875,0.02165250156213631,"{""00"": 1008, ""01"": 311, ""10"": 333, ""11"": 396}"
8,32,26,0.7016407412190941,371,192,0.466796875,0.021607345096796887,"{""00"": 956, ""01"": 390, ""10"": 426, ""11"": 276}"
8,32,27,0.8982315199883694,348,180,0.552734375,0.021534366152402694,"{""00"": 1132, ""01"": 279, ""10"": 287, ""11"": 350}"
8,32,28,0.8305820074700946,394,204,0.52783203125,0.02162157004347803,"{""00"": 1081, ""01"": 358, ""10"": 322, ""11"": 287}"
8,32,29,0.12499999999999997,509,264,0.17578125,0.016485366791453224,"{""00"": 360, ""01"": 461, ""10"": 424, ""11"": 803}"
16,64,0,0.9927944801512113,808,420,0.42626953125,0.02141840853544837,"{""00"": 873, ""01"": 392, ""10"": 410, ""11"": 373}"
16,64,1,0.8664192945248947,854,444,0.38818359375,0.021106695401639168,"{""00"": 795, ""01"": 452, ""10"": 393, ""11"": 408}"
16,64,2,0.47427679111061416,831,432,0.3115234375,0.020057695715988384,"{""00"": 638, ""01"": 514, ""10"": 470, ""11"": 426}"
16,64,3,0.9737643632790332,716,372,0.43896484375,0.021493196198037606,"{""00"": 899, ""01"": 389, ""10"": 342, ""11"": 418}"
16,64,4,0.9368011046134544,716,372,0.4208984375,0.021382433022061127,"{""00"": 862, ""01"": 420, ""10"": 392, ""11"": 374}"
16,64,5,0.9619397662556434,877,456,0.3994140625,0.021212426496899906,"{""00"": 818, ""01"": 422, ""10"": 420, ""11"": 388}"
16,64,6,0.7217599613305369,831,432,0.33544921875,0.020448835158917537,"{""00"": 687, ""01"": 473, ""10"": 450, ""11"": 438}"
16,64,7,0.9550999047664477,808,420,0.4072265625,0.021279112546769292,"{""00"": 834, ""01"": 408, ""10"": 410, ""11"": 396}"
16,64,8,0.8901650429449554,877,456,0.380859375,0.02103139455839132,"{""00"": 780, ""01"": 450, ""10"": 408, ""11"": 410}"
16,64,9,0.8832835653309083,808,420,0.39306640625,0.021154104597147477,"{""00"": 805, ""01"": 419, ""10"": 437, ""11"": 387}"
16,64,10,0.9737643632790332,716,372,0.43994140625,0.021498355855113713,"{""00"": 901, ""01"": 382, ""10"": 392, ""11"": 373}"
16,64,11,0.8982315199883694,647,336,0.42529296875,0.02141206000744363,"{""00"": 871, ""01"": 390, ""10"": 370, ""11"": 417}"
16,64,12,0.8305820074700946,831,432,0.37841796875,0.021005169769807094,"{""00"": 775, ""01"": 427, ""10"": 435, ""11"": 411}"
16,64,13,0.9927944801512113,808,420,0.4267578125,0.021421550778189868,"{""00"": 874, ""01"": 387, ""10"": 396, ""11"": 391}"
16,64,14,0.9164520708247624,831,432,0.40234375,0.021238090038578936,"{""00"": 824, ""01"": 440, ""10"": 403, ""11"": 381}"
16,64,15,0.9364354462538618,900,468,0.37255859375,0.020939917954098962,"{""00"": 763, ""01"": 419, ""10"": 444, ""11"": 422}"
16,64,16,0.9364354462538618,670,348,0.42626953125,0.02141840853544837,"{""00"": 873, ""01"": 395, ""10"": 364, ""11"": 416}"
16,64,17,0.5311029966732187,716,372,0.34130859375,0.020535520051306384,"{""00"": 699, ""01"": 446, ""10"": 495, ""11"": 408}"
16,64,18,0.7840303886242892,762,396,0.38330078125,0.021057055730277913,"{""00"": 785, ""01"": 451, ""10"": 435, ""11"": 377}"
16,64,19,0.8664192945248947,716,372,0.41015625,0.02130268046343501,"{""00"": 840, ""01"": 398, ""10"": 386, ""11"": 424}"
16,64,20,0.8832835653309083,808,420,0.39990234375,0.021216758606314418,"{""00"": 819, ""01"": 444, ""10"": 401, ""11"": 384}"
16,64,21,0.8822422584226771,624,324,0.4453125,0.021525226387136002,"{""00"": 912, ""01"": 351, ""10"": 371, ""11"": 414}"
16,64,22,0.9164520708247624,831,432,0.3857421875,0.02108215534356749,"{""00"": 790, ""01"": 452, ""10"": 395, ""11"": 411}"
16,64,23,0.9927944801512113,808,420,0.40869140625,0.021290994289665008,"{""00"": 837, ""01"": 387, ""10"": 424, ""11"": 400}"
16,64,24,0.9927944801512113,808,420,0.41259765625,0.021321723692617235,"{""00"": 845, ""01"": 419, ""10"": 378, ""11"": 406}"
16,64,25,0.8474772260040265,647,336,0.423828125,0.02140237696617739,"{""00"": 868, ""01"": 392, ""10"": 404, ""11"": 384}"
16,64,26,0.838570235196909,785,408,0.39404296875,0.021163320110666566,"{""00"": 807, ""01"": 431, ""10"": 414, ""11"": 396}"
16,64,27,0.838570235196909,785,408,0.39501953125,0.021172447122078955,"{""00"": 809, ""01"": 420, ""10"": 451, ""11"": 368}"
16,64,28,0.9435486647403548,877,456,0.4052734375,0.021262965436833283,"{""00"": 830, ""01"": 408, ""10"": 411, ""11"": 399}"
16,64,29,0.9714548246917326,739,384,0.43359375,0.021463306153253505,"{""00"": 888, ""01"": 395, ""10"": 382, ""11"": 383}"
