experiment_id,control_type,n_address,n_total_qubits,N,function,truth_table_sha256,stream_mode,stream_sha256,M_data,R_streams,R_stream_index,S_shots,pair_id,preserve_update_boundaries,ideal_F_echo,qasm_path,qasm_sha256,logical_depth,logical_h,logical_x,logical_cx,logical_ccx,logical_u1,cx_proxy_before_routing,budget_tier,recommended_first_pilot
qos_001_h_only_n1_M0_r0,h_only,1,1,2,none,ab395cb4c41927dc03d8d0b9e1de32ba2761d97d7d85b9c89fc54ae3591dc0e1,none,e3b0c44298fc1c149afbf4c8996fb92427ae41e4649b934ca495991b7852b855,0,1,0,2048,,False,1.0,results/quafu_bundle/qasm/qos_001_h_only_n1_M0_r0.qasm,28236630d81f408f5b902ca4690e893ec43dd120a0db2e60d7f3ef79f02e0064,3,2,0,0,0,0,0,low,True
qos_002_h_only_n2_M0_r0,h_only,2,2,4,none,a90d007c2fc57df6e0f2928df79a54a9677f79afcbd89399d8a7da5010264237,none,e3b0c44298fc1c149afbf4c8996fb92427ae41e4649b934ca495991b7852b855,0,1,0,2048,,False,1.0,results/quafu_bundle/qasm/qos_002_h_only_n2_M0_r0.qasm,7cf87958fedfb13fff9422fb8179110262b866be2da836880760e0de7997e73a,3,4,0,0,0,0,0,low,True
qos_003_h_only_n3_M0_r0,h_only,3,3,8,none,c14bc7d02c76f1aeaef4499b60987f4ef3b4e23b000ea9940627b633166707f6,none,e3b0c44298fc1c149afbf4c8996fb92427ae41e4649b934ca495991b7852b855,0,1,0,2048,,False,1.0,results/quafu_bundle/qasm/qos_003_h_only_n3_M0_r0.qasm,964810a1d5d7984aa5e4279056cf2b03da6a6ea48c4b1dd61239ef7e2462486b,3,6,0,0,0,0,0,low,True
qos_004_exact_pair_n1_M0_r0,exact_pair,1,2,2,parity,923682bea6d517dc178d480c88e129e485ed902f4fa024866666658cd4ea6836,none,e3b0c44298fc1c149afbf4c8996fb92427ae41e4649b934ca495991b7852b855,0,1,0,2048,,True,1.0,results/quafu_bundle/qasm/qos_004_exact_pair_n1_M0_r0.qasm,134cfb9cb0d97050b0717cb0f2ffd8e0e0694dfe4770b99b5d0fa24d11ff6bac,9,2,0,4,0,2,4,low,False
qos_005_exact_pair_n2_M0_r0,exact_pair,2,3,4,parity,b5d1f15c17250b42fb708476c737dc76863b988b537c24365a2831318d085042,none,e3b0c44298fc1c149afbf4c8996fb92427ae41e4649b934ca495991b7852b855,0,1,0,2048,,True,1.0,results/quafu_bundle/qasm/qos_005_exact_pair_n2_M0_r0.qasm,8c0ef6f7d5c2a70d4e6d010ceda394a52950a239a42f7729f1cff50a8cb8d26d,23,4,8,0,8,4,48,low,False
qos_006_exact_pair_n3_M0_r0,exact_pair,3,5,8,marked,24165068bb0dbfcad8dc7487eb1ec061308b856bb68dfff7225f7d1cca92066d,none,e3b0c44298fc1c149afbf4c8996fb92427ae41e4649b934ca495991b7852b855,0,1,0,2048,,True,1.0,results/quafu_bundle/qasm/qos_006_exact_pair_n3_M0_r0.qasm,82163572ae9f701c7b07cd3dba94c98523e2a6dd8d9acb6873a6abc494f15caf,13,6,0,0,8,2,48,low,False
qos_007_balanced_depth_n1_M8_r0,balanced_depth,1,2,2,parity,923682bea6d517dc178d480c88e129e485ed902f4fa024866666658cd4ea6836,balanced,d0e580e18bf75733071ae321899a6117b214282d2916958dd13a4bb880aea334,8,1,0,2048,barrier_pair_n1_parity_M8,True,1.0,results/quafu_bundle/qasm/qos_007_balanced_depth_n1_M8_r0.qasm,2457fd407db8f487ea3c039442de40c7f108313264ccf4f87775a10e80da0d5d,18,2,0,10,0,5,10,low,True
qos_008_balanced_depth_n2_M16_r0,balanced_depth,2,3,4,parity,b5d1f15c17250b42fb708476c737dc76863b988b537c24365a2831318d085042,balanced,e7b70401d99ac76ea4955533b2bcbb5c075ae109481d042fe2dfa699b89ff30b,16,1,0,2048,barrier_pair_n2_parity_M16,True,1.0,results/quafu_bundle/qasm/qos_008_balanced_depth_n2_M16_r0.qasm,fd27bd9c4cccc1441e52ef95fbc787545890dfcbfd6a0f8f202c1de81cdafa96,53,4,20,0,20,10,120,medium,False
qos_009_balanced_depth_n3_M16_r0,balanced_depth,3,5,8,marked,24165068bb0dbfcad8dc7487eb1ec061308b856bb68dfff7225f7d1cca92066d,balanced,028c9368c80169b5dd8e5e958603f4d4d4f506cf7eda05076f9c3aa949bd3b9c,16,1,0,2048,,True,1.0,results/quafu_bundle/qasm/qos_009_balanced_depth_n3_M16_r0.qasm,ed487ac0617561f678b827779c71aaaa328346db6d6b154094e278804b5c8e2f,18,6,0,0,12,3,72,medium,False
qos_010_compiler_stress_n3_M8_r0,compiler_stress,3,5,8,majority,f362bf34947fde3f0cacc5b2b188c6161f5967e1621e60eb18e79e8f5c6fcbe7,balanced,338b2fbdb08b58b75139819b7a55c2e1a63586c32125bbbdc5e0ba9648f61461,8,1,0,2048,,True,1.0,results/quafu_bundle/qasm/qos_010_compiler_stress_n3_M8_r0.qasm,427a8835965f2f36931cb5b22254900b3d1fa2c036607e073432d11272941364,51,6,12,0,32,8,192,high,False
qos_011_iid_n1_M2_r0,iid,1,2,2,parity,923682bea6d517dc178d480c88e129e485ed902f4fa024866666658cd4ea6836,iid,814dd7b9784d57c15b9c2972e9b4fd6cf7e164f8162a934bdb2452a413dab1f7,2,2,0,2048,,True,3.749399456654644e-33,results/quafu_bundle/qasm/qos_011_iid_n1_M2_r0.qasm,70caef6fd8063f3c2125bd6246db26e227a3b36480a4842cf1adfa96aac8f255,12,2,0,6,0,3,6,low,False
qos_012_iid_n1_M2_r1,iid,1,2,2,parity,923682bea6d517dc178d480c88e129e485ed902f4fa024866666658cd4ea6836,iid,814dd7b9784d57c15b9c2972e9b4fd6cf7e164f8162a934bdb2452a413dab1f7,2,2,1,2048,,True,3.749399456654644e-33,results/quafu_bundle/qasm/qos_012_iid_n1_M2_r1.qasm,70caef6fd8063f3c2125bd6246db26e227a3b36480a4842cf1adfa96aac8f255,12,2,0,6,0,3,6,low,False
qos_013_iid_n1_M4_r0,iid,1,2,2,parity,923682bea6d517dc178d480c88e129e485ed902f4fa024866666658cd4ea6836,iid,66687aadf862bd776c8fc18b8e9f8e20089714856ee233b3902a591d0d5f2925,4,2,0,2048,,True,3.749399456654644e-33,results/quafu_bundle/qasm/qos_013_iid_n1_M4_r0.qasm,0eab347861109ab0b3ec28ab117473527a38ed52170b4afc2d282134bcc3a0bc,6,2,0,2,0,1,2,low,False
qos_014_iid_n1_M4_r1,iid,1,2,2,parity,923682bea6d517dc178d480c88e129e485ed902f4fa024866666658cd4ea6836,iid,33679eedd86f9637ab73892a064cdab3d82365cf5063b145affb2272327a6ddc,4,2,1,2048,,True,1.0,results/quafu_bundle/qasm/qos_014_iid_n1_M4_r1.qasm,2005cefeed14d4569dc6ef1e5e7a78dcaa20616c2248143565a1501b3ab4afb4,12,2,0,6,0,3,6,low,False
qos_015_iid_n1_M8_r0,iid,1,2,2,parity,923682bea6d517dc178d480c88e129e485ed902f4fa024866666658cd4ea6836,iid,1919c892cf10178dde4a38102271b31bd490ec4b40f35edb9fd80e8e1671b0f1,8,2,0,2048,,True,0.1464466094067263,results/quafu_bundle/qasm/qos_015_iid_n1_M8_r0.qasm,52253b698e006384897c4790b97926cd43123996499b063a3d8fad79b6c4d09e,9,2,0,4,0,2,4,low,False
qos_016_iid_n1_M8_r1,iid,1,2,2,parity,923682bea6d517dc178d480c88e129e485ed902f4fa024866666658cd4ea6836,iid,acb7e41aa777c6b105a670be4f6a47676fa4adb485b9b3d39275dd1b1b45cc83,8,2,1,2048,,True,0.8535533905932737,results/quafu_bundle/qasm/qos_016_iid_n1_M8_r1.qasm,89dd64b07ff2bb03a5cbce6d5a87cc90fef40b124abaeabcd7acc94341dcac34,21,2,0,12,0,6,12,low,False
qos_017_iid_n1_M16_r0,iid,1,2,2,parity,923682bea6d517dc178d480c88e129e485ed902f4fa024866666658cd4ea6836,iid,98f8171f7d5385eb3eca0083f331fdd7f2764f7836390fef90e42530b64812b6,16,2,0,2048,,True,0.8535533905932737,results/quafu_bundle/qasm/qos_017_iid_n1_M16_r0.qasm,44018d6698ce7381dd3c63c28e89efdc1a6271b425836118326e732a73db8cff,24,2,0,14,0,7,14,low,False
qos_018_iid_n1_M16_r1,iid,1,2,2,parity,923682bea6d517dc178d480c88e129e485ed902f4fa024866666658cd4ea6836,iid,5ccfd969734004525536f93553dac747f7408b44fd66609e376ff3e90f7a1445,16,2,1,2048,,True,0.6913417161825449,results/quafu_bundle/qasm/qos_018_iid_n1_M16_r1.qasm,68ebf8917757a64a71763fc1fc6f4c1c8c7982f07edb17877cba561200b255c5,21,2,0,12,0,6,12,low,False
qos_019_iid_n2_M4_r0,iid,2,3,4,parity,b5d1f15c17250b42fb708476c737dc76863b988b537c24365a2831318d085042,iid,f11ceb244436cf69897685f7e9831280a29b0c387183cf6fdeb9f22efc53025f,4,2,0,2048,,True,1.0,results/quafu_bundle/qasm/qos_019_iid_n2_M4_r0.qasm,9700305a7157d0c4902c4c84f890952ceae3208460d0cc86524cd47b3baa3ea1,33,4,12,0,12,6,72,medium,False
qos_020_iid_n2_M4_r1,iid,2,3,4,parity,b5d1f15c17250b42fb708476c737dc76863b988b537c24365a2831318d085042,iid,ae6eaf17969cf90412f6785f01653032eb77f51d7848eef06d57184c7241c169,4,2,1,2048,,True,3.749399456654644e-33,results/quafu_bundle/qasm/qos_020_iid_n2_M4_r1.qasm,3d9f99c508bfc3c35f14b11ed8c93ad2badec3c46a2a3a714506edeaaa92d80d,13,4,4,0,4,2,24,low,False
qos_021_iid_n2_M8_r0,iid,2,3,4,parity,b5d1f15c17250b42fb708476c737dc76863b988b537c24365a2831318d085042,iid,361ff992b0c3309659892eecb7fc786b0a62a7c4b32c46af20163d4c6a18e48b,8,2,0,2048,,True,1.0,results/quafu_bundle/qasm/qos_021_iid_n2_M8_r0.qasm,bdef959df54371180cfcea576ff35dc60e6f21515bad8ac2d8748bd72a101010,33,4,12,0,12,6,72,medium,False
qos_022_iid_n2_M8_r1,iid,2,3,4,parity,b5d1f15c17250b42fb708476c737dc76863b988b537c24365a2831318d085042,iid,4b1706994a7f485c88028bc4148d4daa5f36df4fe70d918cb4dfaf7ab1684655,8,2,1,2048,,True,0.4999999999999999,results/quafu_bundle/qasm/qos_022_iid_n2_M8_r1.qasm,d19bed351639acdbc0375c5f23109064e2ed307c5e276c076cd55a07a23507ed,43,4,16,0,16,8,96,medium,False
qos_023_iid_n2_M16_r0,iid,2,3,4,parity,b5d1f15c17250b42fb708476c737dc76863b988b537c24365a2831318d085042,iid,7789367e43a06756c3b5ea17f466e3023c6b68c967785911f9c585e947e22ebb,16,2,0,2048,,True,0.6401650429449552,results/quafu_bundle/qasm/qos_023_iid_n2_M16_r0.qasm,8b4f5b38b0f4fe32c148ff69d18c69398316295d6532c8b438b453c3f8e2bf63,38,4,14,0,14,7,84,medium,False
qos_024_iid_n2_M16_r1,iid,2,3,4,parity,b5d1f15c17250b42fb708476c737dc76863b988b537c24365a2831318d085042,iid,bc345a79cf9f6d71d23f8c0c7d8592bd86163adf99468fd986eb99bc4338ecec,16,2,1,2048,,True,0.25,results/quafu_bundle/qasm/qos_024_iid_n2_M16_r1.qasm,9f905be73d06e81ec66efcb99d83d68710a5e27f2e587b5c4e02cdd38028c091,63,4,24,0,24,12,144,medium,False
qos_025_iid_n2_M32_r0,iid,2,3,4,parity,b5d1f15c17250b42fb708476c737dc76863b988b537c24365a2831318d085042,iid,21dd9fc3ded60f0619df2639bc42fe26f97c14e01d465529888715d0f1f68d41,32,2,0,2048,,True,0.7900290888674127,results/quafu_bundle/qasm/qos_025_iid_n2_M32_r0.qasm,5ef3b570a48cbcad8a5a8773ab3b04e917ebfdc942e0254101bf8b6915f61197,113,4,44,0,44,22,264,high,False
qos_026_iid_n2_M32_r1,iid,2,3,4,parity,b5d1f15c17250b42fb708476c737dc76863b988b537c24365a2831318d085042,iid,a9ca070e57d8bf13c33bea1e8089dbd46dcabb1ce76693098cf4ad37bf29f39e,32,2,1,2048,,True,0.9253281139039617,results/quafu_bundle/qasm/qos_026_iid_n2_M32_r1.qasm,4f07b518fa4c908d9c65c6cf4b322627c67271dacc7c31521f7f19fd040685a5,93,4,36,0,36,18,216,high,False
qos_027_iid_n2_M64_r0,iid,2,3,4,parity,b5d1f15c17250b42fb708476c737dc76863b988b537c24365a2831318d085042,iid,d64c93387fff862ecfdce176bf55c43a35af33c14c80749f91254aa098be8413,64,2,0,2048,,True,0.838570235196909,results/quafu_bundle/qasm/qos_027_iid_n2_M64_r0.qasm,b27f796603811e13bd13c0a5a70674d46f5103c9f714b65c449de0c4433ce37f,173,4,68,0,68,34,408,high,False
qos_028_iid_n2_M64_r1,iid,2,3,4,parity,b5d1f15c17250b42fb708476c737dc76863b988b537c24365a2831318d085042,iid,4aacd5557591a922916e6744f6317effd50ee7b424b1b5d0b6012ff81050c4cf,64,2,1,2048,,True,0.8822422584226771,results/quafu_bundle/qasm/qos_028_iid_n2_M64_r1.qasm,d041fc73c541ba969d30c25a51c2ce701050acde6b029f0297fe0b2f14a3d28c,208,4,82,0,82,41,492,high,False
qos_029_iid_n2_M8_r0,iid,2,3,4,marked,94de9e90e231b35b7c4d961d497aa72dbb63d9c05d3b6bcd98e65cb06554a9f0,iid,93781f8dc82ce97b210addf15b2f98d1a5a1bef00e1bf3153608fa5b99334a1b,8,2,0,2048,,True,1.0,results/quafu_bundle/qasm/qos_029_iid_n2_M8_r0.qasm,e72e1393ff50c9c7ac2c8eb3413c9b7aede99ebec1d026c5a7e6720c1c253241,12,4,0,0,6,3,36,low,False
qos_030_iid_n2_M8_r1,iid,2,3,4,marked,94de9e90e231b35b7c4d961d497aa72dbb63d9c05d3b6bcd98e65cb06554a9f0,iid,6388c901b0380875ebeb871c54d311a2e30031e8d96688ed1d034e2432c59c6b,8,2,1,2048,,True,1.0,results/quafu_bundle/qasm/qos_030_iid_n2_M8_r1.qasm,e72e1393ff50c9c7ac2c8eb3413c9b7aede99ebec1d026c5a7e6720c1c253241,12,4,0,0,6,3,36,low,False
qos_031_iid_n2_M16_r0,iid,2,3,4,marked,94de9e90e231b35b7c4d961d497aa72dbb63d9c05d3b6bcd98e65cb06554a9f0,iid,eee0cde4bb31c753d77c118d2d53f2b1044da89be8674011afce19c3291b46d1,16,2,0,2048,,True,1.0,results/quafu_bundle/qasm/qos_031_iid_n2_M16_r0.qasm,96c5d7e926cf2b95a7df44f7170066b3a1fa68a0b63045f5c2d72ce583864045,18,4,0,0,10,5,60,low,False
qos_032_iid_n2_M16_r1,iid,2,3,4,marked,94de9e90e231b35b7c4d961d497aa72dbb63d9c05d3b6bcd98e65cb06554a9f0,iid,92ed3496b0b36a5b29251067832380a0aa028d9df92a7aa9e7bc968e89ba9a3c,16,2,1,2048,,True,0.6250000000000001,results/quafu_bundle/qasm/qos_032_iid_n2_M16_r1.qasm,dbf2c9f1d25811888d58b9ba9b26121add6ee7e31b43ddedcce3dc3c7011308e,24,4,0,0,14,7,84,medium,False
qos_033_iid_n2_M32_r0,iid,2,3,4,marked,94de9e90e231b35b7c4d961d497aa72dbb63d9c05d3b6bcd98e65cb06554a9f0,iid,0f142b6eff063b6f7fd2b9aaf7c784670d034cc2daebd53ea7cc80b5a7afdb87,32,2,0,2048,,True,0.48149371286309145,results/quafu_bundle/qasm/qos_033_iid_n2_M32_r0.qasm,44cf6befe5cd9f7184c66401c39455c400453f4c5bfb79e147cc6a2e18ab3684,15,4,0,0,8,4,48,low,False
qos_034_iid_n2_M32_r1,iid,2,3,4,marked,94de9e90e231b35b7c4d961d497aa72dbb63d9c05d3b6bcd98e65cb06554a9f0,iid,7deda12fc6fcbb1bb99ec6c8019731194b56ffa338be9d9c8e0c8e01eb5d8149,32,2,1,2048,,True,0.7685062871369089,results/quafu_bundle/qasm/qos_034_iid_n2_M32_r1.qasm,e3f4498cb6fa968f945d9f8d0a721050701e1d19617d4641e23ca45e15d0a568,39,4,0,0,24,12,144,medium,False
qos_035_iid_n3_M8_r0,iid,3,5,8,marked,24165068bb0dbfcad8dc7487eb1ec061308b856bb68dfff7225f7d1cca92066d,iid,64e353484367c7dd34b9d3f1c6ad1371144f95603d2d35398862799b1bfb6857,8,2,0,2048,,True,0.5625,results/quafu_bundle/qasm/qos_035_iid_n3_M8_r0.qasm,e6611673f45c80574640e049d66198a5aa4301c27bf0ace146f611b59d6a53b5,8,6,0,0,4,1,24,low,False
qos_036_iid_n3_M8_r1,iid,3,5,8,marked,24165068bb0dbfcad8dc7487eb1ec061308b856bb68dfff7225f7d1cca92066d,iid,11dca9b469eee69fb50f0a855480068fcbdb59625cf68772b4c4b1b27fe04247,8,2,1,2048,,True,1.0,results/quafu_bundle/qasm/qos_036_iid_n3_M8_r1.qasm,82163572ae9f701c7b07cd3dba94c98523e2a6dd8d9acb6873a6abc494f15caf,13,6,0,0,8,2,48,low,False
qos_037_iid_n3_M16_r0,iid,3,5,8,marked,24165068bb0dbfcad8dc7487eb1ec061308b856bb68dfff7225f7d1cca92066d,iid,48818846fc6f21fd2e7f9599e27276b7197c8b39a41cb600b455fc52bdfad86a,16,2,0,2048,,True,0.7812500000000001,results/quafu_bundle/qasm/qos_037_iid_n3_M16_r0.qasm,8336f1a4239b916026d3d3d6285ee207373db0108119237ca131b35cb3f6b044,13,6,0,0,8,2,48,low,False
qos_038_iid_n3_M16_r1,iid,3,5,8,marked,24165068bb0dbfcad8dc7487eb1ec061308b856bb68dfff7225f7d1cca92066d,iid,62c37920c5f1b7dcea04a893094938b75a2b5007c34b09e4c74a9b80e38ffda5,16,2,1,2048,,True,0.7812500000000001,results/quafu_bundle/qasm/qos_038_iid_n3_M16_r1.qasm,b29ce80189fd98495f86884fb14125bc2b04db1ed2b81affbf501985bf7f8a57,23,6,0,0,16,4,96,medium,False
qos_039_iid_n3_M32_r0,iid,3,5,8,marked,24165068bb0dbfcad8dc7487eb1ec061308b856bb68dfff7225f7d1cca92066d,iid,38efde64c7b5d0bbca97014c7c8eb2ea7e03dfd6ba3306a8aa17817d3546dc78,32,2,0,2048,,True,0.7812500000000001,results/quafu_bundle/qasm/qos_039_iid_n3_M32_r0.qasm,e6eefef604805cc5d22eff634920810069361b1d3b4a41105dfba4ad701c30c7,38,6,0,0,28,7,168,medium,False
qos_040_iid_n3_M32_r1,iid,3,5,8,marked,24165068bb0dbfcad8dc7487eb1ec061308b856bb68dfff7225f7d1cca92066d,iid,7ab2cbfb6e52aa6ca17c12d9448a8cce4323869d5b3583dcf49cc746bc76c25e,32,2,1,2048,,True,0.7812500000000001,results/quafu_bundle/qasm/qos_040_iid_n3_M32_r1.qasm,e6eefef604805cc5d22eff634920810069361b1d3b4a41105dfba4ad701c30c7,38,6,0,0,28,7,168,medium,False
qos_041_optimized_twin_n1_M8_r0,optimized_twin,1,2,2,parity,923682bea6d517dc178d480c88e129e485ed902f4fa024866666658cd4ea6836,balanced,d0e580e18bf75733071ae321899a6117b214282d2916958dd13a4bb880aea334,8,1,0,2048,barrier_pair_n1_parity_M8,False,1.0,results/quafu_bundle/qasm/qos_041_optimized_twin_n1_M8_r0.qasm,4be42b084dee40d219f39d73a4377883dcf00d2e306b0c63810a9bafb754732d,18,2,0,10,0,5,10,low,False
qos_042_optimized_twin_n2_M16_r0,optimized_twin,2,3,4,parity,b5d1f15c17250b42fb708476c737dc76863b988b537c24365a2831318d085042,balanced,e7b70401d99ac76ea4955533b2bcbb5c075ae109481d042fe2dfa699b89ff30b,16,1,0,2048,barrier_pair_n2_parity_M16,False,1.0,results/quafu_bundle/qasm/qos_042_optimized_twin_n2_M16_r0.qasm,078a8569e054f72b41d63d88fbff7ef071677ba1ac3411f7a63173b842e5fb8d,49,4,20,0,20,10,120,medium,False
