path,unit_samples,M_fetched,M_used,repeat,success_norm2_surrogate,conditional_direction_fidelity,padding_leakage
expected_operator,16,48,48,0,0.010021713678791632,0.9994605665620876,0.0
expected_operator,16,48,48,1,0.010029334802500109,0.9996733229727279,0.0
expected_operator,16,48,48,2,0.009871646401665246,0.9999089501448074,0.0
expected_operator,16,48,48,3,0.010272879190521715,0.9990360670391578,0.0
expected_operator,16,48,48,4,0.009937042673942085,0.9998440852304135,0.0
expected_operator,16,48,48,5,0.009931632914423227,0.9998080352889169,0.0
expected_operator,16,48,48,6,0.00993301521838574,0.9997669135843474,0.0
expected_operator,16,48,48,7,0.009965181702982256,0.9997925788314284,0.0
expected_operator,16,48,48,8,0.009998894107914363,0.9997364758425074,0.0
expected_operator,16,48,48,9,0.009843582286724278,0.9999182627583748,0.0
expected_operator,16,48,48,10,0.009935729496790616,0.9997330544744015,0.0
expected_operator,16,48,48,11,0.009962671631605621,0.999769694291717,0.0
expected_operator,16,48,48,12,0.009897585119091074,0.9998578150688215,0.0
expected_operator,16,48,48,13,0.010088229367317542,0.9996611654851001,0.0
expected_operator,16,48,48,14,0.009922080325755102,0.9998361965446314,0.0
expected_operator,16,48,48,15,0.009999330333390682,0.9997361988021143,0.0
expected_operator,16,48,48,16,0.010056503306443285,0.999506029909849,0.0
expected_operator,16,48,48,17,0.009991519090239561,0.9998003383527833,0.0
expected_operator,16,48,48,18,0.010046559830804578,0.9996926644799357,0.0
expected_operator,16,48,48,19,0.009992949514897742,0.9997363922502628,0.0
expected_operator,32,96,96,0,0.012510446520137015,0.9998756209748395,0.0
expected_operator,32,96,96,1,0.012386997927847762,0.9999498101966927,0.0
expected_operator,32,96,96,2,0.012555736711806775,0.9998236048605899,0.0
expected_operator,32,96,96,3,0.012529967202148797,0.9998939075840837,0.0
expected_operator,32,96,96,4,0.012691818528886716,0.9997237645354341,0.0
expected_operator,32,96,96,5,0.012584235329414703,0.999820460862696,0.0
expected_operator,32,96,96,6,0.012575340131887968,0.9998019420428207,0.0
expected_operator,32,96,96,7,0.012699778237775693,0.9996101579956225,0.0
expected_operator,32,96,96,8,0.01257557928689908,0.9998299238102171,0.0
expected_operator,32,96,96,9,0.01248762844530087,0.9998130980531327,0.0
expected_operator,32,96,96,10,0.012499021111306456,0.9998892562765372,0.0
expected_operator,32,96,96,11,0.012605140295491948,0.9997838121161989,0.0
expected_operator,32,96,96,12,0.012496251144708377,0.9998345566502077,0.0
expected_operator,32,96,96,13,0.012513860208978971,0.9998931436826725,0.0
expected_operator,32,96,96,14,0.012506912012062651,0.9998981767585681,0.0
expected_operator,32,96,96,15,0.012425590274306555,0.9999423118343198,0.0
expected_operator,32,96,96,16,0.012462657353647516,0.9999091457705112,0.0
expected_operator,32,96,96,17,0.012516509169382581,0.999855161764225,0.0
expected_operator,32,96,96,18,0.012491489564884137,0.999917833790696,0.0
expected_operator,32,96,96,19,0.012517495844793131,0.9998859088038371,0.0
expected_operator,64,192,192,0,0.014057933252967506,0.9998762576727748,0.0
expected_operator,64,192,192,1,0.014026011235839846,0.9999023877598793,0.0
expected_operator,64,192,192,2,0.014004739942394708,0.9999166261937955,0.0
expected_operator,64,192,192,3,0.014003244903116868,0.9999417692543789,0.0
expected_operator,64,192,192,4,0.013953962026168765,0.9999571371813852,0.0
expected_operator,64,192,192,5,0.014092844671476118,0.9997996644264137,0.0
expected_operator,64,192,192,6,0.014006070819799422,0.9999165317158119,0.0
expected_operator,64,192,192,7,0.014087086705296506,0.9998908160978535,0.0
expected_operator,64,192,192,8,0.01408812172987188,0.9998522831046175,0.0
expected_operator,64,192,192,9,0.014168988733816524,0.9998266125960448,0.0
expected_operator,64,192,192,10,0.014008349579125414,0.9999259980798435,0.0
expected_operator,64,192,192,11,0.01410084967008321,0.9998325937983223,0.0
expected_operator,64,192,192,12,0.013968852818811437,0.9999473208908116,0.0
expected_operator,64,192,192,13,0.014085487207380832,0.9998843612730808,0.0
expected_operator,64,192,192,14,0.01407816448257725,0.9998360308641552,0.0
expected_operator,64,192,192,15,0.01401868384392914,0.9999290163334609,0.0
expected_operator,64,192,192,16,0.0140847793102182,0.9999070975042739,0.0
expected_operator,64,192,192,17,0.014061717609274063,0.999895605624278,0.0
expected_operator,64,192,192,18,0.01401411010637418,0.9998913191501311,0.0
expected_operator,64,192,192,19,0.014056102121217738,0.9999195346742876,0.0
expected_operator,128,384,384,0,0.014844293498601027,0.9999354313894132,0.0
expected_operator,128,384,384,1,0.014949611804949258,0.999792474310045,0.0
expected_operator,128,384,384,2,0.014878124104570217,0.9999285545210843,0.0
expected_operator,128,384,384,3,0.014875799859272745,0.99986129234488,0.0
expected_operator,128,384,384,4,0.014783580902279846,0.999953970903188,0.0
expected_operator,128,384,384,5,0.014788602781179978,0.9999641450429652,0.0
expected_operator,128,384,384,6,0.014862993099549039,0.9999363573263684,0.0
expected_operator,128,384,384,7,0.014841836900099114,0.9999336706200295,0.0
expected_operator,128,384,384,8,0.014885451117868582,0.9999302159506105,0.0
expected_operator,128,384,384,9,0.014810608640882853,0.9999455210927678,0.0
expected_operator,128,384,384,10,0.01497082837840085,0.9998122498591432,0.0
expected_operator,128,384,384,11,0.014885907264481113,0.9999166872513052,0.0
expected_operator,128,384,384,12,0.01482227097061099,0.9999460946791511,0.0
expected_operator,128,384,384,13,0.01483192924537317,0.9999370640733667,0.0
expected_operator,128,384,384,14,0.014878876872321662,0.9999278782041628,0.0
expected_operator,128,384,384,15,0.014833447023514574,0.9999349315616199,0.0
expected_operator,128,384,384,16,0.014882104176248984,0.9999008302533574,0.0
expected_operator,128,384,384,17,0.014829460206865337,0.9999562594253557,0.0
expected_operator,128,384,384,18,0.014774667415519962,0.9999584474671637,0.0
expected_operator,128,384,384,19,0.014912787376963759,0.9999265102731028,0.0
expected_operator,256,768,768,0,0.015276989518123157,0.9999492527590002,0.0
expected_operator,256,768,768,1,0.015257843382405956,0.9999332995562359,0.0
expected_operator,256,768,768,2,0.015254861494067658,0.9999122618695537,0.0
expected_operator,256,768,768,3,0.015231022892996118,0.9999614980411009,0.0
expected_operator,256,768,768,4,0.015274781904080596,0.9999384414141216,0.0
expected_operator,256,768,768,5,0.015306790148993533,0.9999075124361955,0.0
expected_operator,256,768,768,6,0.015326345728917262,0.9999129816080627,0.0
expected_operator,256,768,768,7,0.015360389683369613,0.9998549318163052,0.0
expected_operator,256,768,768,8,0.015317870190367145,0.9999229048971114,0.0
expected_operator,256,768,768,9,0.015265699734840373,0.999932752243083,0.0
expected_operator,256,768,768,10,0.015344000627001269,0.9998961050469126,0.0
expected_operator,256,768,768,11,0.015314419463877063,0.9999538856800372,0.0
expected_operator,256,768,768,12,0.015248766005689796,0.9999552163920937,0.0
expected_operator,256,768,768,13,0.015272255708454122,0.9999475472523888,0.0
expected_operator,256,768,768,14,0.015326680458080387,0.9999136450764274,0.0
expected_operator,256,768,768,15,0.015300984598800143,0.999911321928012,0.0
expected_operator,256,768,768,16,0.015392211804156859,0.9998465385515378,0.0
expected_operator,256,768,768,17,0.015352398447580412,0.9998927491892465,0.0
expected_operator,256,768,768,18,0.01538517342937745,0.9998634702151493,0.0
expected_operator,256,768,768,19,0.015313240499808294,0.9998825862471226,0.0
expected_operator,512,1536,1536,0,0.0155031085819468,0.9999448991845122,0.0
expected_operator,512,1536,1536,1,0.015532754017087678,0.9998997896056362,0.0
expected_operator,512,1536,1536,2,0.015498899281496763,0.9999550431728766,0.0
expected_operator,512,1536,1536,3,0.015563504331263581,0.9998640886003136,0.0
expected_operator,512,1536,1536,4,0.015563652692994465,0.9998796903873273,0.0
expected_operator,512,1536,1536,5,0.01548674063150519,0.9999425223814906,0.0
expected_operator,512,1536,1536,6,0.015536513457548858,0.9999551289177234,0.0
expected_operator,512,1536,1536,7,0.015464523143679756,0.9999577264953502,0.0
expected_operator,512,1536,1536,8,0.015428242358944879,0.999964960842832,0.0
expected_operator,512,1536,1536,9,0.01548544498470456,0.9999414795173969,0.0
expected_operator,512,1536,1536,10,0.015493392323939068,0.9999530976312078,0.0
expected_operator,512,1536,1536,11,0.015447842472511939,0.9999643160643404,0.0
expected_operator,512,1536,1536,12,0.015544136726863158,0.9999250449529832,0.0
expected_operator,512,1536,1536,13,0.015466033831452477,0.9999429754982861,0.0
expected_operator,512,1536,1536,14,0.015454690626114698,0.999953061867129,0.0
expected_operator,512,1536,1536,15,0.015524831533167305,0.9999351762154411,0.0
expected_operator,512,1536,1536,16,0.015464661002051005,0.999963397211932,0.0
expected_operator,512,1536,1536,17,0.015518649347898962,0.9999439797978292,0.0
expected_operator,512,1536,1536,18,0.015477773777529225,0.9999561993452925,0.0
expected_operator,512,1536,1536,19,0.01550523361058655,0.9999519866524375,0.0
expected_operator,1024,3072,3072,0,0.01556137079877838,0.9999425393226112,0.0
expected_operator,1024,3072,3072,1,0.015690926206896667,0.9999313475109983,0.0
expected_operator,1024,3072,3072,2,0.015556604560265027,0.999952850170423,0.0
expected_operator,1024,3072,3072,3,0.01562664600175072,0.9999378555975147,0.0
expected_operator,1024,3072,3072,4,0.01562678952082485,0.9999341939635418,0.0
expected_operator,1024,3072,3072,5,0.015548923627014766,0.9999674682296806,0.0
expected_operator,1024,3072,3072,6,0.015614830252680529,0.9999374045881331,0.0
expected_operator,1024,3072,3072,7,0.015605525393564806,0.9999459069268716,0.0
expected_operator,1024,3072,3072,8,0.015612524162332282,0.9999444254619505,0.0
expected_operator,1024,3072,3072,9,0.015743390414759723,0.9998751275815743,0.0
expected_operator,1024,3072,3072,10,0.015594344993761526,0.9999370582107664,0.0
expected_operator,1024,3072,3072,11,0.015688116042212104,0.9998982386123018,0.0
expected_operator,1024,3072,3072,12,0.015709124508591205,0.9998762832863225,0.0
expected_operator,1024,3072,3072,13,0.015634375583970114,0.9999409671630128,0.0
expected_operator,1024,3072,3072,14,0.015685490855557444,0.999865281915163,0.0
expected_operator,1024,3072,3072,15,0.015621632290278801,0.9999565522082964,0.0
expected_operator,1024,3072,3072,16,0.01572211038345764,0.9998829116146601,0.0
expected_operator,1024,3072,3072,17,0.015625572912066996,0.9999383987563003,0.0
expected_operator,1024,3072,3072,18,0.01563050907847459,0.9999111441113863,0.0
expected_operator,1024,3072,3072,19,0.015668696502496995,0.9999134475525346,0.0
