path,M_fetched,M_used,stream_id,success_probability,overlap_probability,conditional_direction_fidelity,phase_insensitive_l2,max_abs_phase_used,max_abs_phase_discarded,signal_outside_fit_fraction_used,phase_branch_ambiguity_fraction_used,block_unitarity_error,unused_fraction
active_sampled,256,192,0,0.05083142684341377,0.03115755027109669,0.612958404002263,0.6589133464668645,1.5001497097852143,0.8251433609254236,0.020833333333333332,0.0,2.44835544049646e-16,0.25
active_sampled,256,192,1,0.06769295321682547,0.035202443729165846,0.5200311414455482,0.7468174509517433,1.3609713850276055,1.4769061875173426,0.046875,0.0,2.4818836890971297e-16,0.25
active_sampled,256,192,2,0.06068832885058424,0.029341113111088852,0.48347208873269854,0.7806131280274956,1.1636641344142369,1.1678495204883212,0.020833333333333332,0.0,2.252637149248098e-16,0.25
active_sampled,256,192,3,0.06253301364824122,0.026925010629372362,0.4305727336416265,0.8292401191230026,1.1870184665064698,1.1213978014984798,0.020833333333333332,0.0,2.4712919136337275e-16,0.25
active_sampled,256,192,4,0.07318885325127043,0.03775374326884275,0.5158400711543791,0.7507062387724612,1.5206264686087565,1.307346313808935,0.026041666666666668,0.0,2.248566373230475e-16,0.25
active_sampled,256,192,5,0.07709046576599704,0.05271687661622352,0.6838313414299776,0.5883180194135545,1.2285581769999447,1.0477680314420157,0.052083333333333336,0.0,2.3299655694118525e-16,0.25
active_sampled,256,192,6,0.0839420424815128,0.03171714484296744,0.37784576006656917,0.8778478256235883,1.3863558094809436,1.2759534640808254,0.0625,0.0,2.4433596159433417e-16,0.25
active_sampled,256,192,7,0.05804357707796152,0.03038664617887984,0.5235143612542326,0.7435819754632182,1.0496655182787307,1.2491886767443725,0.010416666666666666,0.0,2.3879035638860224e-16,0.25
active_sampled,256,192,8,0.07808252519179165,0.03296143928013937,0.4221359286111358,0.8369947613597937,1.0239879755052614,0.9436238590917017,0.010416666666666666,0.0,2.4700988779650216e-16,0.25
active_sampled,256,192,9,0.08500495126046614,0.05174546524075058,0.6087347204305287,0.6630014556919125,1.278400488735457,1.3063965328186895,0.03125,0.0,2.3926829137010477e-16,0.25
active_sampled,256,192,10,0.07752223949060971,0.02156382834272735,0.27816312434239443,0.9722019112841357,1.4941838360259676,1.2901461808712846,0.041666666666666664,0.0,2.4706740012700396e-16,0.25
active_sampled,256,192,11,0.0681884411457144,0.02611160723752858,0.3829330425919214,0.8731370579746628,1.4566331385892675,1.1742032233075932,0.015625,0.0,2.4787120357752385e-16,0.25
active_sampled,256,192,12,0.11986977796114047,0.053380202229297756,0.44531827068706686,0.8156939198831222,1.6243450840090727,1.0554226644542613,0.046875,0.005208333333333333,2.4790336092144213e-16,0.25
active_sampled,256,192,13,0.06153533274980562,0.03373725467076121,0.5482582633936888,0.7204933879229711,1.3605672900774466,0.8952995478536994,0.03125,0.0,2.267988711210678e-16,0.25
active_sampled,256,192,14,0.08083553907959234,0.03452932901077657,0.4271553007988019,0.8323806937854672,1.2891248557497135,0.959681478103662,0.03125,0.0,2.361901295788084e-16,0.25
active_sampled,256,192,15,0.08705257843158024,0.03019531350133355,0.3468629424350231,0.9066965169471561,1.2420745382322667,1.2153412228280518,0.036458333333333336,0.0,2.494040886246934e-16,0.25
active_sampled,256,192,16,0.04580534848063818,0.021119549329309085,0.4610716876924596,0.8012208218267228,1.1863469522792587,1.043736609064275,0.020833333333333332,0.0,2.449219613302024e-16,0.25
active_sampled,256,192,17,0.09815031025863505,0.03778448420651075,0.3849655096040469,0.8712566917689044,1.2477404355343897,1.2430631297327037,0.052083333333333336,0.0,2.4370404772823773e-16,0.25
active_sampled,256,192,18,0.08093976175211451,0.03407585075430924,0.4210026075770976,0.8380368281932362,1.2832692224951199,1.006194533927677,0.010416666666666666,0.0,2.452037527505798e-16,0.25
active_sampled,256,192,19,0.07838319030267961,0.04577451415956255,0.583983810595136,0.6867483753077926,1.2900702500711203,1.6386898477210812,0.057291666666666664,0.0,2.466077433986154e-16,0.25
active_sampled,256,192,20,0.07137667887037785,0.03124719398724191,0.4377787602584835,0.8226195753094698,1.3250627568284692,1.3779865626916783,0.015625,0.0,2.448220109461786e-16,0.25
active_sampled,256,192,21,0.06680925470086163,0.026766319752781625,0.4006379037249823,0.8567851092235312,1.9968590356012093,1.3342226693488692,0.06770833333333333,0.005208333333333333,2.4849256214355325e-16,0.25
active_sampled,256,192,22,0.05691956351000263,0.02971631460262919,0.5220755882537128,0.7449188098614398,1.298025724049939,1.4341043742005406,0.020833333333333332,0.0,2.4570945207834093e-16,0.25
active_sampled,256,192,23,0.06464019004332806,0.04028108884227551,0.6231585769669807,0.6489931621055405,1.216721256294945,1.0265317939853782,0.03125,0.0,2.279822187282935e-16,0.25
active_sampled,256,192,24,0.08385795967266016,0.04308103077557774,0.5137381226987241,0.7526549356450178,1.383769792186895,1.1683571920223361,0.052083333333333336,0.0,2.4675047976585995e-16,0.25
active_sampled,256,192,25,0.08458956435138103,0.03116013219210297,0.36836851485208344,0.8866411913585798,1.5054838973197573,1.200211304250738,0.03125,0.0,2.2757065840924645e-16,0.25
active_sampled,256,192,26,0.06663245786724062,0.038563475906416324,0.5787491132812584,0.6917288197737514,1.2233486674119392,1.1930046399698628,0.036458333333333336,0.0,2.4660453406288785e-16,0.25
active_sampled,256,192,27,0.07015581496599137,0.03160657929860567,0.45051973687323327,0.8109159383663311,2.0556890509367007,0.9769281793771696,0.046875,0.005208333333333333,2.380275248686089e-16,0.25
active_sampled,256,192,28,0.07473615821964466,0.03819203366021227,0.5110248448678402,0.7551688318869119,1.2963412781144632,1.1987244155467134,0.046875,0.0,2.47913130841219e-16,0.25
active_sampled,256,192,29,0.06747583584278168,0.02410146722991777,0.3571866421347348,0.8970496790067491,1.1047646370740318,0.9570602705433582,0.010416666666666666,0.0,2.3276889922430453e-16,0.25
active_sampled,256,192,30,0.09517094140562146,0.047112101506237264,0.49502611627475707,0.7699598382292384,1.4264434372350032,0.9693912986477923,0.03125,0.0,2.4374654875960275e-16,0.25
active_sampled,256,192,31,0.05933792918258464,0.030048398632432992,0.5063944604465913,0.7594550905077994,1.1972613812263293,0.8476141876759931,0.036458333333333336,0.0,2.4844831170033e-16,0.25
active_sampled,256,192,32,0.0602991858887586,0.02801240135367491,0.4645568748698012,0.7980174280112581,1.374251131614579,1.4877185610035717,0.026041666666666668,0.0,2.4857849100303e-16,0.25
active_sampled,256,192,33,0.06101321379744136,0.026226177475083125,0.429844222960485,0.8299095579741246,1.4488345032306873,0.9451867863299613,0.036458333333333336,0.0,2.4410278880263034e-16,0.25
active_sampled,256,192,34,0.06614653998588461,0.0275082544512377,0.41586838037345325,0.842759066391017,1.322318687118864,1.2156252080710055,0.015625,0.0,2.4751125742019733e-16,0.25
active_sampled,256,192,35,0.07651561248934732,0.03857348442612944,0.5041256701892013,0.7615535734695301,1.3409918159621692,1.1182608246349706,0.046875,0.0,2.268154128900541e-16,0.25
active_sampled,256,192,36,0.06641657022600903,0.023654593801712073,0.35615500350617063,0.898011987999672,1.4518310897771673,0.9768999197774899,0.046875,0.0,2.3310377387014795e-16,0.25
active_sampled,256,192,37,0.06307000417650993,0.020242978311936593,0.3209604720380846,0.9310921176280663,1.1232506754469698,1.4632372481903781,0.015625,0.0,2.4084674121076246e-16,0.25
active_sampled,256,192,38,0.08269094462195745,0.03274948437003345,0.3960468043962491,0.861019748510648,1.3584606204345984,0.9602297817313633,0.036458333333333336,0.0,2.4347938400087e-16,0.25
active_sampled,256,192,39,0.09159151670404747,0.04472822254258024,0.488344599501579,0.7761229661439895,1.2390950599280566,1.040149193803923,0.026041666666666668,0.0,2.4335715614226156e-16,0.25
active_sampled,512,384,0,0.06172319782808111,0.03615445039224897,0.5857514138031328,0.6850635241017389,1.2405050679372152,1.0661316128818337,0.026041666666666668,0.0,2.483384329580424e-16,0.25
active_sampled,512,384,1,0.08106821365663815,0.04874794925106431,0.6013201358739038,0.670151706598804,1.2648455563885472,1.2112145729861867,0.026041666666666668,0.0,2.3089359632766704e-16,0.25
active_sampled,512,384,2,0.058765958376525027,0.03967453194518087,0.6751277957721434,0.597224234928407,1.1797457806136873,0.9018845283698225,0.015625,0.0,2.435538251000922e-16,0.25
active_sampled,512,384,3,0.05103076860569841,0.03828251817455246,0.7501850201464062,0.5174316986259244,1.418835951801268,0.9128780943354446,0.015625,0.0,2.4564253323545687e-16,0.25
active_sampled,512,384,4,0.07506787770192536,0.04448828441269655,0.5926407642606832,0.6784811763049844,1.0374245319983966,0.9086761179452421,0.015625,0.0,2.2519589951396193e-16,0.25
active_sampled,512,384,5,0.07326741881265994,0.05332422773254009,0.7278027341032267,0.542008204961006,1.049834982477512,1.0015897957413689,0.005208333333333333,0.0,2.482788285566629e-16,0.25
active_sampled,512,384,6,0.051267469671249434,0.02517049386251857,0.4909642317813486,0.7737074401968147,1.093410338280033,1.0742149671787837,0.010416666666666666,0.0,2.470304557752806e-16,0.25
active_sampled,512,384,7,0.07865739726180823,0.0543290559739687,0.6907049796363901,0.5812286540910693,1.5232726522921287,1.097576327424627,0.020833333333333332,0.0,2.483500504331578e-16,0.25
active_sampled,512,384,8,0.05482087057858677,0.02983553084963488,0.5442367210652934,0.7242596024107205,1.2798539468032204,0.9107315646070282,0.015625,0.0,2.434688702134833e-16,0.25
active_sampled,512,384,9,0.038081048552591965,0.019880763576552538,0.5220645001173259,0.7449291102173912,1.097863358135704,0.9412513682851569,0.005208333333333333,0.0,2.476399107765356e-16,0.25
active_sampled,512,384,10,0.051731341601267605,0.031814951851278944,0.6150034170097642,0.6569299267490651,1.2891540046640084,1.0429237511666067,0.010416666666666666,0.0,2.4343106105100224e-16,0.25
active_sampled,512,384,11,0.07388116875982365,0.05132457707496736,0.6946909197094011,0.5770940904694426,1.1649277410330867,0.9335211119775876,0.005208333333333333,0.0,2.4354611871890955e-16,0.25
active_sampled,512,384,12,0.0689990219832785,0.0424080209254922,0.6146177106071088,0.6573042212491498,1.1211980103218906,1.011442764004206,0.015625,0.0,2.337780793062325e-16,0.25
active_sampled,512,384,13,0.07153575297153354,0.051604730152683,0.7213837558013577,0.5489205189163322,1.0686632476606834,0.9368460439571821,0.005208333333333333,0.0,2.2523336807517466e-16,0.25
active_sampled,512,384,14,0.05615799716267503,0.035359386687832436,0.6296411637581295,0.6426518255832181,1.2611354301570863,1.1133108087942971,0.026041666666666668,0.0,2.452719042257726e-16,0.25
active_sampled,512,384,15,0.06550150577125607,0.044992176665742845,0.6868876697715046,0.5851719981131281,1.1984708264259618,1.3200474352629588,0.03125,0.0,2.490331285270225e-16,0.25
active_sampled,512,384,16,0.07081377095285053,0.04644060067413706,0.6558131285658872,0.6167286283172252,1.0886142252669462,1.0305085007782906,0.005208333333333333,0.0,2.2836316782422227e-16,0.25
active_sampled,512,384,17,0.06459371516330266,0.04262941214176949,0.6599622275014823,0.6125673958591563,1.1555105599021445,1.5838573829391005,0.010416666666666666,0.0,2.268323650129619e-16,0.25
active_sampled,512,384,18,0.06209620031556549,0.04146623243765639,0.6677740703445612,0.6046909243044088,1.1805030469598101,0.9860964109410301,0.015625,0.0,2.4135393573616095e-16,0.25
active_sampled,512,384,19,0.052810151248639456,0.02579525635950251,0.48845261279510294,0.7760233895351558,0.9820110421578541,0.8684791831459996,0.0,0.0,2.346984843524838e-16,0.25
active_sampled,512,384,20,0.06492582236626333,0.03650129522534393,0.562199967517249,0.70738963568139,1.3223607579412016,1.3965388320522796,0.020833333333333332,0.0,2.456197562341485e-16,0.25
active_sampled,512,384,21,0.05652020239072547,0.03700757654134092,0.654767233236475,0.6177752240952168,1.1291814499674206,0.9310433361255286,0.005208333333333333,0.0,2.402191507655035e-16,0.25
active_sampled,512,384,22,0.061500535590005706,0.04120543876259873,0.6700012994568932,0.6024349409579541,1.2909068630674287,0.9058962278729785,0.010416666666666666,0.0,2.487387903125907e-16,0.25
active_sampled,512,384,23,0.0653915298705008,0.040999333559908833,0.6269823269329001,0.6452562961699001,1.2560060316134596,1.3366334638314101,0.015625,0.0,2.469117122470109e-16,0.25
active_sampled,512,384,24,0.06365141548857518,0.04566982556722243,0.7174989780929495,0.5530766419005654,1.1772220442969976,1.129481511322985,0.015625,0.0,2.4641460742816066e-16,0.25
active_sampled,512,384,25,0.05389783919679575,0.034430664645023264,0.6388134507453535,0.6336275520027972,1.1804550650274863,1.0103269515036448,0.015625,0.0,2.480639631209703e-16,0.25
active_sampled,512,384,26,0.06284000411010914,0.042866924940881415,0.6821598048556679,0.5900344719398825,1.078462485876412,0.9288627365853332,0.010416666666666666,0.0,2.4971674048143e-16,0.25
active_sampled,512,384,27,0.07381342452061151,0.04173537329736613,0.5654171117031974,0.7043547028212697,1.2005068597253052,1.0935194018631291,0.03125,0.0,2.476336837884321e-16,0.25
active_sampled,512,384,28,0.0451547733057403,0.027778326426740448,0.6151802875557594,0.6567582572116705,1.204642244323681,0.8157373390659826,0.010416666666666666,0.0,2.3615282603296966e-16,0.25
active_sampled,512,384,29,0.05286433894571671,0.03233567961278038,0.6116728262881334,0.6601588419701294,1.0992711047565447,1.0038691538660605,0.010416666666666666,0.0,2.3299868188467866e-16,0.25
active_sampled,512,384,30,0.06588776947125148,0.042248199732416405,0.6412145997877554,0.6312546791278362,1.111678082794998,1.0932322492690048,0.010416666666666666,0.0,2.2469571015299076e-16,0.25
active_sampled,512,384,31,0.07085942865866784,0.04030091021510151,0.5687444984806792,0.7012110823863174,1.1569249853846366,1.3488290338780429,0.010416666666666666,0.0,2.4236428411865977e-16,0.25
active_sampled,512,384,32,0.07729735002537884,0.056696967450867254,0.7334917359036511,0.5358333308797901,1.2901980710516399,1.1177048927043833,0.015625,0.0,2.4572854245091384e-16,0.25
active_sampled,512,384,33,0.049719821488990956,0.02874928837216897,0.578225896859559,0.6922258840020775,1.0032239783399457,1.216198645219991,0.005208333333333333,0.0,2.3791329392372838e-16,0.25
active_sampled,512,384,34,0.06769177525588066,0.039685227315870215,0.5862636511726378,0.6845749688156597,0.9994856765297696,1.3791871148279882,0.0,0.0,2.42798597731162e-16,0.25
active_sampled,512,384,35,0.055716255196131485,0.03222981005293329,0.5784633216909215,0.6920003428881739,1.3504446252553504,1.3692247998123248,0.026041666666666668,0.0,2.263410576632727e-16,0.25
active_sampled,512,384,36,0.04887223191468107,0.03167497567391119,0.6481180505365077,0.6244072496540757,1.403411391576245,0.8104699828408545,0.005208333333333333,0.0,2.2541589689656605e-16,0.25
active_sampled,512,384,37,0.06197823733304385,0.04358034373988743,0.7031555851726758,0.5682539417593399,1.1352748225589058,0.7526908808467351,0.010416666666666666,0.0,2.430351089720243e-16,0.25
active_sampled,512,384,38,0.04984506903115147,0.026946655189588657,0.5406082429687863,0.7276528522843132,1.217688250182816,1.0532726594870665,0.020833333333333332,0.0,2.438351070034914e-16,0.25
active_sampled,512,384,39,0.05824313289711538,0.03495804870147018,0.6002089338707526,0.671220494716469,1.162802682859001,1.0548650680672413,0.010416666666666666,0.0,2.4682322263036715e-16,0.25
active_sampled,1024,768,0,0.05558869382412588,0.04389690381195404,0.7896732373463771,0.4719415125506738,0.9079082879564504,0.7838765797696832,0.0,0.0,2.445746504376164e-16,0.25
active_sampled,1024,768,1,0.05460674918900574,0.04439924611159108,0.813072500578925,0.44338396649269024,1.1206792152564844,0.9989356519328698,0.010416666666666666,0.0,2.405051032636191e-16,0.25
active_sampled,1024,768,2,0.05334602004512046,0.03787442083527735,0.7099765043998201,0.5610685606436723,0.99406159022182,0.8360548930948896,0.0,0.0,2.472810152596921e-16,0.25
active_sampled,1024,768,3,0.05380454676414856,0.04542028521753867,0.8441718767121639,0.4030179513593784,0.933048020928777,0.8063631320995366,0.0,0.0,2.357556987919998e-16,0.25
active_sampled,1024,768,4,0.04623958920159861,0.034457280680724726,0.7451900260293285,0.522983943948065,0.8997320471450305,0.7724610188328431,0.0,0.0,2.3889392135687917e-16,0.25
active_sampled,1024,768,5,0.04404136278916203,0.029309696760565957,0.6655038560200656,0.6069856720444556,1.0318961486505034,0.8945003330322568,0.005208333333333333,0.0,2.4935085896943097e-16,0.25
active_sampled,1024,768,6,0.06381478933456805,0.052489607272874744,0.8225304481956736,0.43142868741156926,1.0901486277146133,0.6838153637923639,0.010416666666666666,0.0,2.457187060493603e-16,0.25
active_sampled,1024,768,7,0.07293238260651055,0.05306392959327604,0.7275770747758227,0.5422521806342098,0.9095110079933768,1.0316451022014121,0.0,0.0,2.376562908312242e-16,0.25
active_sampled,1024,768,8,0.06359055337221811,0.05062659049104696,0.7961338250150385,0.4641910900394779,1.0002634767422969,0.8101136215804101,0.005208333333333333,0.0,2.405740300716942e-16,0.25
active_sampled,1024,768,9,0.06804903631870232,0.05647532217288948,0.8299209691727557,0.4219005022975291,1.0273797898843948,0.860472775761676,0.005208333333333333,0.0,2.469656525818588e-16,0.25
active_sampled,1024,768,10,0.07065962901012057,0.05171782312786361,0.7319288800745907,0.5375343309093191,1.067755577721794,1.1645856717196046,0.010416666666666666,0.0,2.255787759133791e-16,0.25
active_sampled,1024,768,11,0.05606159293761898,0.047650219503539606,0.8499619259224599,0.3951359337484354,1.1661657233984988,0.9633827055238294,0.015625,0.0,2.4883438011500443e-16,0.25
active_sampled,1024,768,12,0.0576181252889716,0.04584800082425867,0.7957218426374973,0.46468823438121065,1.0992486851304661,0.9191334745666733,0.010416666666666666,0.0,2.421132046476968e-16,0.25
active_sampled,1024,768,13,0.059893148784532724,0.045490088965607835,0.7595207446724783,0.506942060635525,1.0919528740311435,0.853956552129082,0.010416666666666666,0.0,2.4010368992855787e-16,0.25
active_sampled,1024,768,14,0.06659375188150535,0.053549246474262555,0.8041181786775771,0.4544747126449197,1.3082913680119677,1.2210105547535521,0.015625,0.0,2.412949769644213e-16,0.25
active_sampled,1024,768,15,0.040063091815403386,0.0327757395346139,0.8181030981241528,0.4370571620796204,0.951533963896501,0.9671839216031843,0.0,0.0,2.2403911168757705e-16,0.25
active_sampled,1024,768,16,0.04872615823414525,0.04085984486343073,0.8385607719591951,0.4105371137473277,1.2113836315104378,1.1228095032990781,0.020833333333333332,0.0,2.4651167865598694e-16,0.25
active_sampled,1024,768,17,0.04649363957255244,0.03718432704683973,0.7997723428129195,0.45978273628266053,1.1728242150632282,0.9810884294347019,0.015625,0.0,2.309802291173811e-16,0.25
active_sampled,1024,768,18,0.05824177825763698,0.043981220170881866,0.7551489924694187,0.5118728530568536,1.0266175269027125,0.7239639228221091,0.005208333333333333,0.0,2.4516168038218094e-16,0.25
active_sampled,1024,768,19,0.04778230373450522,0.037313764498647484,0.7809117933278289,0.48230252500279824,1.068397637270639,0.7845878099997378,0.005208333333333333,0.0,2.414840182478057e-16,0.25
active_sampled,1024,768,20,0.058904577912173656,0.04536024483717131,0.7700631503514573,0.4949092416721607,1.0600395050835494,0.8732292661459793,0.005208333333333333,0.0,2.4927773543713297e-16,0.25
active_sampled,1024,768,21,0.06152584570968418,0.048380392387070925,0.7863425821947839,0.4758999965993371,1.4058888818741746,0.9264313251173212,0.015625,0.0,2.3299724605809977e-16,0.25
active_sampled,1024,768,22,0.04208538585344975,0.032280874011426916,0.7670328632327567,0.4983891576237526,0.8669234831451897,0.749941144263858,0.0,0.0,2.4567025363112405e-16,0.25
active_sampled,1024,768,23,0.06929955887942746,0.04922117984850058,0.7102668565919628,0.5607614239663282,1.497061727904548,1.2239186892057892,0.015625,0.0,2.2617834681659147e-16,0.25
active_sampled,1024,768,24,0.05491256346456669,0.04522100969055157,0.8235093544618661,0.4301763315894679,1.1362199826884047,1.105719076925069,0.005208333333333333,0.0,2.44383694376978e-16,0.25
active_sampled,1024,768,25,0.05620141725704006,0.04681701247772077,0.8330219194224368,0.41785082310947835,1.0767175020925006,1.014287959518082,0.005208333333333333,0.0,2.417756190097961e-16,0.25
active_sampled,1024,768,26,0.06265982024306883,0.04939868452758902,0.7883630105538532,0.4735016669879848,1.0289714691456706,0.9239311065775246,0.015625,0.0,2.40899649677723e-16,0.25
active_sampled,1024,768,27,0.0613993830867977,0.04938630729075498,0.8043453339089687,0.45419595574513244,1.119779358962608,0.9924412910558771,0.005208333333333333,0.0,2.398567966357873e-16,0.25
active_sampled,1024,768,28,0.05394416657872919,0.045846695722265456,0.849891631106288,0.39523240613182387,0.9710639565663737,0.8479621637747854,0.0,0.0,2.452041006014677e-16,0.25
active_sampled,1024,768,29,0.04125644788915264,0.03527335726826998,0.8549780476264471,0.388200386694721,1.3061566471695891,1.466208110914944,0.026041666666666668,0.0,2.44451829155049e-16,0.25
active_sampled,1024,768,30,0.05194203021934728,0.04073046709390631,0.7841523891519955,0.4784897205418245,1.072692147642538,0.8907493723772553,0.005208333333333333,0.0,2.374801698355746e-16,0.25
active_sampled,1024,768,31,0.05309457658293685,0.03725050217075553,0.7015877057154427,0.5698976666650104,0.9632909111991792,0.79972589881146,0.0,0.0,2.254620878030453e-16,0.25
active_sampled,1024,768,32,0.04483024226436777,0.03324241228998333,0.7415175696341318,0.5270405214591536,1.148922247718364,0.8791515650432506,0.010416666666666666,0.0,2.4959149998639827e-16,0.25
active_sampled,1024,768,33,0.04078464397779562,0.031141089035125358,0.763549365591606,0.5023681553792186,1.0717195008435558,0.9379041380579576,0.005208333333333333,0.0,2.422459015327361e-16,0.25
active_sampled,1024,768,34,0.05816692973340724,0.046521754347553165,0.7997973171486503,0.4597523666840791,0.8751515051276979,0.8786869688018208,0.0,0.0,2.4927383554118156e-16,0.25
active_sampled,1024,768,35,0.04169346815814634,0.033198017001469286,0.7962402378124748,0.46406261474563965,0.8162838791163308,0.8936898580498,0.0,0.0,2.479804038169099e-16,0.25
active_sampled,1024,768,36,0.05160624022660125,0.04057187970146052,0.7861816618166868,0.4760906281130378,0.8658341577370565,0.9475890092313666,0.0,0.0,2.3710949974223153e-16,0.25
active_sampled,1024,768,37,0.055315057851802026,0.03606434231437849,0.6519805585488256,0.620559214147724,1.0711367230680433,1.1128439167865871,0.005208333333333333,0.0,2.3484986752111493e-16,0.25
active_sampled,1024,768,38,0.04248666491378586,0.031191124255481262,0.7341391544564497,0.5351276341819526,0.9194553817009976,0.9837909945048141,0.0,0.0,2.4341372490103283e-16,0.25
active_sampled,1024,768,39,0.05490014161590195,0.04192543346595956,0.7636671278424493,0.5022340097016377,1.0370228949033036,0.7853803079564214,0.005208333333333333,0.0,2.4447745181816434e-16,0.25
active_sampled,2048,1536,0,0.0619109651359857,0.05383911181536571,0.8696215879870328,0.3673281009802327,1.1928465478854229,1.1329740776096768,0.005208333333333333,0.0,2.4171221377775157e-16,0.25
active_sampled,2048,1536,1,0.051037455290471635,0.04241103017010083,0.830978541714612,0.42052290245779556,1.0590757216877462,0.7945298832139587,0.010416666666666666,0.0,2.4746415992370337e-16,0.25
active_sampled,2048,1536,2,0.0517697458405517,0.04702391386979082,0.9083280805477043,0.30639035680021437,1.2046948860260132,1.1471706205154684,0.015625,0.0,2.242774864195699e-16,0.25
active_sampled,2048,1536,3,0.042806459484962055,0.03724021888338952,0.8699672743659643,0.3668232207407884,0.9905117855352842,0.8923234475691222,0.0,0.0,2.4505341635354636e-16,0.25
active_sampled,2048,1536,4,0.04960504064188276,0.044577853362814716,0.8986557169590652,0.3225692672308902,1.0580904083291167,0.8119625755213163,0.010416666666666666,0.0,2.4929592096934456e-16,0.25
active_sampled,2048,1536,5,0.04391481892718679,0.03730343281582396,0.8494497695111787,0.39583836842198133,1.1688016105572197,1.1929428238298776,0.020833333333333332,0.0,2.2739707294303626e-16,0.25
active_sampled,2048,1536,6,0.05329781576762524,0.04676363925440108,0.8774025460684409,0.3558154542597275,1.0584012997328804,1.1305601425279406,0.010416666666666666,0.0,2.320390191384728e-16,0.25
active_sampled,2048,1536,7,0.04251864046937677,0.03729568774897699,0.8771608719671667,0.35617785131970425,1.1703822057850701,1.2133515278816331,0.020833333333333332,0.0,2.313057852886408e-16,0.25
active_sampled,2048,1536,8,0.055651615684697536,0.04906208501912143,0.8815931831537459,0.34947979213469044,1.2877597207929599,1.302871840166548,0.015625,0.0,2.4776302955358307e-16,0.25
active_sampled,2048,1536,9,0.048121345220855316,0.041226996938907835,0.8567299344956895,0.38575362813228525,0.913003259930621,0.8617117851639535,0.0,0.0,2.446909243062696e-16,0.25
active_sampled,2048,1536,10,0.04465280051796852,0.039713989295401354,0.8893952637846362,0.33740910127273693,0.9007113002940441,0.9259085634332679,0.0,0.0,2.407898262661281e-16,0.25
active_sampled,2048,1536,11,0.04433917511972507,0.03901773381160729,0.8799833038447653,0.35192541016006756,0.9291760648446991,0.9327486067198653,0.0,0.0,2.442243464655787e-16,0.25
active_sampled,2048,1536,12,0.04820321015886328,0.04126279645564123,0.8560176037996529,0.3867500641717822,0.940259969573882,1.055046514134951,0.0,0.0,2.401551549328276e-16,0.25
active_sampled,2048,1536,13,0.05308312945814703,0.04757915148804644,0.8963139885254852,0.32637828901580596,1.01895083922703,0.8921956725669151,0.005208333333333333,0.0,2.234623651793058e-16,0.25
active_sampled,2048,1536,14,0.044714642925584025,0.04029741209903308,0.9012128793267501,0.31836354577550013,1.1186414644684002,0.8299699964846285,0.010416666666666666,0.0,2.496143407771966e-16,0.25
active_sampled,2048,1536,15,0.05110701051930963,0.042704612271283277,0.8355920613894703,0.4144701477858318,1.0027427762144017,0.7527412414176515,0.005208333333333333,0.0,2.3281058530852776e-16,0.25
active_sampled,2048,1536,16,0.04819030894566657,0.0397852017054715,0.8255851140180149,0.4275110669774226,0.9209977239332874,0.8983041055297886,0.0,0.0,2.4358411735923645e-16,0.25
active_sampled,2048,1536,17,0.046383124628986486,0.03998326465115205,0.86202180148435,0.3782821911513951,0.9387644162126582,0.7265368288268927,0.0,0.0,2.389419266419289e-16,0.25
active_sampled,2048,1536,18,0.05088971666690306,0.04436447578662853,0.8717768282542172,0.3641705660627554,1.167258403828876,1.1021502160988477,0.010416666666666666,0.0,2.4365712773524673e-16,0.25
active_sampled,2048,1536,19,0.0366870630940974,0.03154432585438156,0.8598215063842692,0.3814037041047065,0.8726431453307493,0.7718366968921719,0.0,0.0,2.2473825829221657e-16,0.25
active_sampled,2048,1536,20,0.04958594824507024,0.044578126199032585,0.8990072344429649,0.32199403631348417,0.9699180567216026,0.9998604921645586,0.0,0.0,2.413823346637564e-16,0.25
active_sampled,2048,1536,21,0.0478316820962492,0.04196569775081396,0.8773619473881051,0.3558763554145515,0.7571281536809171,0.8864177175411587,0.0,0.0,2.421912442533941e-16,0.25
active_sampled,2048,1536,22,0.044953409403370656,0.03902790047310053,0.8681855501303573,0.36941913750442484,0.839096489971473,0.6935364694855357,0.0,0.0,2.4797880749237926e-16,0.25
active_sampled,2048,1536,23,0.05008007307758092,0.044174350900635026,0.8820744097598038,0.34874585228349564,1.1090418833060403,0.7934025090979382,0.010416666666666666,0.0,2.248364430097305e-16,0.25
active_sampled,2048,1536,24,0.05620190925526551,0.04867318555122446,0.8660414956750657,0.37252246914020154,0.9431656855584087,0.8777268358327803,0.0,0.0,2.3686312491008326e-16,0.25
active_sampled,2048,1536,25,0.055560540780718384,0.046253424096417264,0.8324869313091524,0.41855174610038937,1.0199570707731556,0.9024247056294806,0.005208333333333333,0.0,2.388769047539129e-16,0.25
active_sampled,2048,1536,26,0.05307422274782869,0.047940444209713655,0.9032717151128687,0.314941013336472,1.0957099202576799,0.9099865304985874,0.015625,0.0,2.28554354267602e-16,0.25
active_sampled,2048,1536,27,0.05255309213397926,0.042679899908999154,0.8121291854757221,0.4445624714197256,0.9109021874441041,1.0560135779739392,0.0,0.0,2.3904777746078327e-16,0.25
active_sampled,2048,1536,28,0.04272486122051096,0.03582223019303076,0.8384399426868953,0.41069779053282784,1.1372386940691452,1.2279842091658268,0.010416666666666666,0.0,2.249973143381478e-16,0.25
active_sampled,2048,1536,29,0.04796527987178537,0.043991912279433276,0.9171615884870641,0.2909105107427854,0.8647523218544,0.7738318749749724,0.0,0.0,2.4420722096568865e-16,0.25
active_sampled,2048,1536,30,0.04535954572506544,0.040635509591601754,0.8958535395813453,0.3271226112469776,1.2420385924351651,0.9503241727869788,0.010416666666666666,0.0,2.485844590076031e-16,0.25
active_sampled,2048,1536,31,0.045970061038065224,0.042068691356943924,0.9151323797919085,0.2945317741481647,0.9000094477837158,0.9745057940890766,0.0,0.0,2.460302965002359e-16,0.25
active_sampled,2048,1536,32,0.04212599943613831,0.0382423673433064,0.907809140558923,0.3072777666523443,0.9512669983073971,0.9723434709789363,0.0,0.0,2.251650298078718e-16,0.25
active_sampled,2048,1536,33,0.05348709898577542,0.047555983243513386,0.8891112837538753,0.33785506687427086,0.8511891962628338,0.7914066225584644,0.0,0.0,2.449225358606063e-16,0.25
active_sampled,2048,1536,34,0.057687395834372476,0.05136634432072068,0.89042577807117,0.3357863959447632,0.8831798109231241,0.8379163992552471,0.0,0.0,2.2531093349370943e-16,0.25
active_sampled,2048,1536,35,0.06077591399788611,0.05508778047824938,0.9064080958151519,0.30966216881615904,0.9889196643768857,0.959533973118429,0.0,0.0,2.4574514027029124e-16,0.25
active_sampled,2048,1536,36,0.05813873267409554,0.05117600436730426,0.8802394206660509,0.3515373239647355,0.8938176579634477,0.8172489583541809,0.0,0.0,2.4416257136906597e-16,0.25
active_sampled,2048,1536,37,0.04342055716905001,0.039124596439629816,0.901061593643429,0.31861374065507736,0.9676631564633391,0.9991669291058063,0.0,0.0,2.4419130606679706e-16,0.25
active_sampled,2048,1536,38,0.05393019271277809,0.04904995620871119,0.9095082687714819,0.30436350177292415,0.9669781869732654,0.8884978399995025,0.0,0.0,2.4010483901235666e-16,0.25
active_sampled,2048,1536,39,0.04716434381532213,0.04006361611839139,0.8494471220730957,0.39584199675737164,0.9267726618807368,0.7661558637897743,0.0,0.0,2.411184462930447e-16,0.25
active_sampled,4096,3072,0,0.047804703554764086,0.04456999216194355,0.9323348718371423,0.2623932473057258,0.8132381556140151,0.8709978680636384,0.0,0.0,2.4892305507099093e-16,0.25
active_sampled,4096,3072,1,0.042949300140796114,0.03976529975473749,0.925866070561782,0.27488417056212855,0.8714200828241718,0.881633793022053,0.0,0.0,2.403717741842254e-16,0.25
active_sampled,4096,3072,2,0.04823144016199582,0.04536821808360792,0.9406357747400629,0.24550441198000253,0.8691316355569678,0.9118855016738492,0.0,0.0,2.492197496775384e-16,0.25
active_sampled,4096,3072,3,0.04258461575507746,0.03909272104479493,0.9180010281091668,0.28940040814562207,0.9036118878732085,0.8343587385841374,0.0,0.0,2.296452778206792e-16,0.25
active_sampled,4096,3072,4,0.04594328718383392,0.04266585884216537,0.9286636080575928,0.269547991796386,0.8844251041092692,0.9202047565809452,0.0,0.0,2.450509787361215e-16,0.25
active_sampled,4096,3072,5,0.05597048468358974,0.05075497441866253,0.9068167750482895,0.3089683590813321,0.8867780384805074,0.8286484374620302,0.0,0.0,2.361126403306958e-16,0.25
active_sampled,4096,3072,6,0.04596372154505004,0.04146377309122425,0.9020978218786029,0.31689650134540953,0.8915489365147079,0.8985246774059786,0.0,0.0,2.2334085742085777e-16,0.25
active_sampled,4096,3072,7,0.047346066398998826,0.04447880737157599,0.9394403960983869,0.24800268207406745,1.205416762278478,1.122958894076016,0.015625,0.0,2.3543987084983355e-16,0.25
active_sampled,4096,3072,8,0.0483384314887953,0.04533707119409483,0.9379094397095575,0.25116828132318264,1.0264572354113288,0.9258209842413765,0.005208333333333333,0.0,2.4181231240700963e-16,0.25
active_sampled,4096,3072,9,0.043751289727159304,0.040861943671885635,0.933959751282942,0.2591681662971385,0.8457932926653667,0.9331589900083055,0.0,0.0,2.4821798628286255e-16,0.25
active_sampled,4096,3072,10,0.045849023968275435,0.04210969652325242,0.9184425943808447,0.2886031635722638,0.9116263819063704,0.8385936304220165,0.0,0.0,2.2519869406417103e-16,0.25
active_sampled,4096,3072,11,0.05368261994727788,0.04991262175358822,0.9297724627189915,0.26740569815196147,1.1712065337605315,0.9506251981063599,0.015625,0.0,2.372069695285161e-16,0.25
active_sampled,4096,3072,12,0.04814518187180799,0.04320854364115372,0.8974635043689599,0.324513468991216,0.9269641276739559,0.9056461310905162,0.0,0.0,2.395105159258305e-16,0.25
active_sampled,4096,3072,13,0.048037795837998776,0.04502533217641331,0.937289719292188,0.252439133370788,0.981306096865507,0.9110881214151285,0.0,0.0,2.2976092781717754e-16,0.25
active_sampled,4096,3072,14,0.04729909474313644,0.0431910199015689,0.9131468611846179,0.29803630194104885,1.0562397692104508,0.8345687548917156,0.005208333333333333,0.0,2.252325096974891e-16,0.25
active_sampled,4096,3072,15,0.04786845529989628,0.0433492509463915,0.9055911805552963,0.31104486365490297,0.9510749322298566,0.880677382015843,0.0,0.0,2.364143569833954e-16,0.25
active_sampled,4096,3072,16,0.044230810390314804,0.04169734291646303,0.9427216582401455,0.2410869343709311,0.9287467157436151,0.907189085234757,0.0,0.0,2.492270633331814e-16,0.25
active_sampled,4096,3072,17,0.04758580096219665,0.043877860637478505,0.9220788502086195,0.28195968235754376,1.0430895182208375,0.8781140672703028,0.005208333333333333,0.0,2.4067213531506004e-16,0.25
active_sampled,4096,3072,18,0.0455550693696239,0.04190754469073048,0.9199315305768014,0.28589994108327577,0.9932848518192208,1.013600864838164,0.0,0.0,2.350139411856197e-16,0.25
active_sampled,4096,3072,19,0.04462343198070229,0.04247394903546862,0.9518306223922169,0.22082539713832627,0.8274672173605931,0.8514162263271889,0.0,0.0,2.416570885901751e-16,0.25
active_sampled,4096,3072,20,0.05108515919597009,0.0460273363184745,0.900992324246401,0.31872823920577636,0.8838322213299394,0.7636822084396944,0.0,0.0,2.473589198931139e-16,0.25
active_sampled,4096,3072,21,0.04844525864741428,0.04433678521168576,0.9151934874446623,0.2944233154937706,0.8634005158888733,0.7525103523538773,0.0,0.0,2.4703985456154913e-16,0.25
active_sampled,4096,3072,22,0.04516377322346052,0.04251201495309916,0.9412857234659949,0.244136002442387,0.8489383607323704,0.8798441196409216,0.0,0.0,2.4315270950459187e-16,0.25
active_sampled,4096,3072,23,0.04804163063672985,0.04443002474411142,0.9248234115963331,0.27684871405858175,0.996351820245774,0.8990505706536035,0.0,0.0,2.336563678871168e-16,0.25
active_sampled,4096,3072,24,0.05344180604953157,0.050151985942523375,0.9384410754389721,0.2500732535702937,0.8562726161426613,0.7015665506702191,0.0,0.0,2.4611353393157386e-16,0.25
active_sampled,4096,3072,25,0.051718932271976395,0.04724096357929348,0.9134172246802303,0.2975613029882378,0.8882079072501752,0.8595953330977452,0.0,0.0,2.4344995366881763e-16,0.25
active_sampled,4096,3072,26,0.042282482999309534,0.03963102983322291,0.937291923794307,0.25243462322539995,0.9727881941281066,0.8062502107026722,0.0,0.0,2.429091719863993e-16,0.25
active_sampled,4096,3072,27,0.04964276087070982,0.04552256824704607,0.9170031531003197,0.29119472542564395,0.9743410381860353,0.8027864534643544,0.0,0.0,2.3985164803861425e-16,0.25
active_sampled,4096,3072,28,0.04192422211242334,0.039452271006510845,0.9410376393082799,0.2446591690389497,1.2958777166297542,1.3446920659970154,0.015625,0.0,2.2416572683994325e-16,0.25
active_sampled,4096,3072,29,0.04710283852367373,0.04370653095155149,0.9278959043961805,0.271022007945492,0.9558839282738483,0.9180966369601702,0.0,0.0,2.4554045105175493e-16,0.25
active_sampled,4096,3072,30,0.05286387409585934,0.048614039251625905,0.9196079569097205,0.2864893844529339,0.9612455554181529,0.888997583113627,0.0,0.0,2.2789830581848645e-16,0.25
active_sampled,4096,3072,31,0.046881974543668534,0.04411592389945937,0.9409996982607312,0.24473908762284563,0.9900193036238403,0.9665295351204242,0.0,0.0,2.4171236692111953e-16,0.25
active_sampled,4096,3072,32,0.04711767329253823,0.044439870620946564,0.9431677652042353,0.24013226509676766,1.070684109818495,1.0150192717730377,0.005208333333333333,0.0,2.2376837189690276e-16,0.25
active_sampled,4096,3072,33,0.050086242024945285,0.04694605994081637,0.93730449805827,0.25240889635888836,0.8019446308228788,0.7961904240913971,0.0,0.0,2.4133823092892485e-16,0.25
active_sampled,4096,3072,34,0.05029380306105411,0.04514306472102424,0.8975870181505833,0.3243125301773299,1.128729207227672,1.0304166738412919,0.005208333333333333,0.0,2.4031437673187426e-16,0.25
active_sampled,4096,3072,35,0.04799471635290696,0.04514074067780718,0.9405356278363145,0.24571462671267788,0.8211714969389203,0.8680693295864984,0.0,0.0,2.4794705591404643e-16,0.25
active_sampled,4096,3072,36,0.055772444152953876,0.05104583162044455,0.9152518308226413,0.2943197291751013,1.1347489575260195,1.0911087587975627,0.015625,0.0,2.240641188903016e-16,0.25
active_sampled,4096,3072,37,0.0429619433629136,0.04023162851440883,0.9364480599622578,0.2541556035811125,0.9402892998519905,0.9681473278770061,0.0,0.0,2.237283555892165e-16,0.25
active_sampled,4096,3072,38,0.0517065392997417,0.04849006269183124,0.9377936204690742,0.2514062463825991,0.9943936001044841,0.8420730257090718,0.0,0.0,2.2529726374936973e-16,0.25
active_sampled,4096,3072,39,0.04365089378999218,0.040432724432642494,0.9262748347643798,0.27411045246784776,0.9198427191959075,0.7861024387890059,0.0,0.0,2.484477493989532e-16,0.25
active_sampled,8192,6144,0,0.04609874723313829,0.04493100449987025,0.9746686666480906,0.15966783341857244,0.9264386335012647,0.8221930974155673,0.0,0.0,2.491906823117938e-16,0.25
active_sampled,8192,6144,1,0.047310282440166725,0.04542342786848109,0.9601174528164794,0.2007195422995948,1.0122087286690054,0.9134982503153382,0.005208333333333333,0.0,2.4509165460296937e-16,0.25
active_sampled,8192,6144,2,0.04537507466083047,0.044116710302191484,0.9722674977827583,0.16711519490725626,0.8426398248130966,0.8234019694473523,0.0,0.0,2.2446314636146736e-16,0.25
active_sampled,8192,6144,3,0.04392989568731078,0.04206351228175377,0.9575145040443126,0.20723561117039113,0.7664800342200426,0.7420652858281468,0.0,0.0,2.49533366628326e-16,0.25
active_sampled,8192,6144,4,0.046311441464674655,0.04523980016865459,0.9768601178860413,0.15256250264001925,1.1384643373476138,1.188584155060049,0.015625,0.0,2.44613292537857e-16,0.25
active_sampled,8192,6144,5,0.04280611335060241,0.04150770269194464,0.9696676349001095,0.1748311590735772,0.9274567001090227,0.8658077561736245,0.0,0.0,2.3033531219850177e-16,0.25
active_sampled,8192,6144,6,0.04500434400172934,0.04262396046638267,0.9471076939760482,0.23154014008530874,1.0303688135283926,0.8942636527445567,0.005208333333333333,0.0,2.4917404448477505e-16,0.25
active_sampled,8192,6144,7,0.045639290211917066,0.044819100200079204,0.982028861359818,0.13436001208633627,0.8815597671687432,0.8328618759966542,0.0,0.0,2.351350389931979e-16,0.25
active_sampled,8192,6144,8,0.04926900215923306,0.04639776050994052,0.9417231621616176,0.24321094700119064,0.9133312831259206,0.86045491139885,0.0,0.0,2.4316372425240077e-16,0.25
active_sampled,8192,6144,9,0.043777908171802944,0.04212049898228594,0.9621405119903712,0.19551156307176049,1.0208011424887615,0.9920950422698996,0.005208333333333333,0.0,2.294485219420869e-16,0.25
active_sampled,8192,6144,10,0.04981260049677586,0.04845752537137945,0.972796539191241,0.16550235016841272,1.0601917425788452,0.9186364834003863,0.010416666666666666,0.0,2.311382274436965e-16,0.25
active_sampled,8192,6144,11,0.045819342501948766,0.04335382053211724,0.9461903677529493,0.23356724435900042,1.0042937737906068,0.8593228371047177,0.005208333333333333,0.0,2.3807405114914704e-16,0.25
active_sampled,8192,6144,12,0.04733437557662757,0.04477860451130056,0.9460060255534672,0.2339726016871,0.8830320033529473,0.7148437777730481,0.0,0.0,2.4599862488705376e-16,0.25
active_sampled,8192,6144,13,0.047393863406129305,0.04572485007671653,0.9647841891446873,0.18849782893081043,0.9613082981904841,0.9892073828269523,0.0,0.0,2.2474798178078104e-16,0.25
active_sampled,8192,6144,14,0.04895274267837699,0.04742452399067923,0.9687817555445614,0.17738592981379597,0.832055720925577,0.7052367313077547,0.0,0.0,2.2512686778050873e-16,0.25
active_sampled,8192,6144,15,0.04477386718938452,0.0430050287423913,0.9604939542186208,0.19976018295188233,0.837065402984834,0.7286649381281394,0.0,0.0,2.3769731895734443e-16,0.25
active_sampled,8192,6144,16,0.04726604083098961,0.045732530939374086,0.9675557786382207,0.18086385978451167,1.1303321929414458,1.093158436102589,0.015625,0.0,2.424568762221897e-16,0.25
active_sampled,8192,6144,17,0.04665426609627764,0.04458793715117847,0.9557097535124652,0.2116407884771437,0.9490759050407667,0.9047667480374667,0.0,0.0,2.448204821701867e-16,0.25
active_sampled,8192,6144,18,0.047359273409800756,0.04571500836180359,0.9652810330562019,0.18715145275466202,0.9148303744861315,0.8817772936329211,0.0,0.0,2.341994584097933e-16,0.25
active_sampled,8192,6144,19,0.041797220377109465,0.041268873832712244,0.9873592899329121,0.11260955308437363,0.8960294036635768,0.9480154685357324,0.0,0.0,2.462430060605371e-16,0.25
active_sampled,8192,6144,20,0.045661411613202904,0.04410120223708495,0.9658308991992086,0.18565041998761186,1.2338152647480172,1.1753533562899028,0.015625,0.0,2.4797109576397364e-16,0.25
active_sampled,8192,6144,21,0.04479792034575835,0.0428588263145963,0.956714641746854,0.20919891062812365,0.7907686393880917,0.735932060269678,0.0,0.0,2.4705402711137937e-16,0.25
active_sampled,8192,6144,22,0.05044490242215158,0.04871578736954859,0.9657227000236264,0.18594670741264593,1.2176777315596357,1.155818678952473,0.015625,0.0,2.2279559101732015e-16,0.25
active_sampled,8192,6144,23,0.043346680417691186,0.04170688356274921,0.9621701860640585,0.19543418140474525,0.8052900233660323,0.8514197194912665,0.0,0.0,2.409545390443385e-16,0.25
active_sampled,8192,6144,24,0.04476713979619347,0.04285130714722979,0.9572044884331301,0.20799866091068792,0.9393708997978953,0.9107042133686188,0.0,0.0,2.397341735203822e-16,0.25
active_sampled,8192,6144,25,0.04318950345082026,0.041730124433312005,0.9662098681183022,0.18460905188116336,1.0582362360050086,1.1103245343713208,0.005208333333333333,0.0,2.4701493045543296e-16,0.25
active_sampled,8192,6144,26,0.04679252479666912,0.04558177687799145,0.9741251850816167,0.16138275159922044,0.9408285264134211,1.0246468199211876,0.0,0.0,2.2410039224857564e-16,0.25
active_sampled,8192,6144,27,0.04594291074902283,0.04420033728550485,0.9620708954851093,0.195692987985349,1.2692853372337054,1.3178514460930733,0.015625,0.0,2.4357742473357113e-16,0.25
active_sampled,8192,6144,28,0.04523637528421371,0.04368979078546656,0.9658110427939864,0.18570482798561735,0.91218305755433,0.8999163925090696,0.0,0.0,2.4935397946458967e-16,0.25
active_sampled,8192,6144,29,0.04517040574211224,0.04366259650107649,0.9666195329383542,0.18347691837250857,0.8687370672603456,0.8590352031886777,0.0,0.0,2.2463465212402965e-16,0.25
active_sampled,8192,6144,30,0.04803113535274744,0.04713000739703505,0.9812386705187297,0.13729589079661544,0.9746409405969106,0.9644553077388927,0.0,0.0,2.421017769082215e-16,0.25
active_sampled,8192,6144,31,0.04553260232049191,0.043940888026920207,0.9650423166598727,0.18779950161767578,0.8822762848691027,0.8939554567439749,0.0,0.0,2.493196340835892e-16,0.25
active_sampled,8192,6144,32,0.04624063129445704,0.04334192920056339,0.9373126617706639,0.25239219214211556,0.7590538575651116,0.8080626865195294,0.0,0.0,2.4888064735807337e-16,0.25
active_sampled,8192,6144,33,0.055125078711984785,0.05308127002697042,0.9629241584271875,0.19345805303465738,0.879822180648075,0.766453085666821,0.0,0.0,2.3027279712456377e-16,0.25
active_sampled,8192,6144,34,0.041275818081336055,0.03998812921998723,0.9688028264197848,0.1773255777730339,0.8658972624185786,0.8479737948624608,0.0,0.0,2.276723672935818e-16,0.25
active_sampled,8192,6144,35,0.04579597006364891,0.04375126567768139,0.9553518708496465,0.21250397411427324,0.9334838737882187,0.8900666569654169,0.0,0.0,2.377974770301833e-16,0.25
active_sampled,8192,6144,36,0.049784115460085765,0.04834743976351437,0.9711418856538037,0.17049742354388955,0.9296247900340444,0.9303015126166561,0.0,0.0,2.471703461997079e-16,0.25
active_sampled,8192,6144,37,0.04297308594970095,0.040896692916313204,0.9516815470078617,0.22117111694612765,1.1809504939538351,1.2026753284251392,0.015625,0.0,2.4433918958211754e-16,0.25
active_sampled,8192,6144,38,0.051602507428006136,0.04971514679925722,0.9634250209375563,0.19213451212408117,1.0236379399192597,0.9659928497836718,0.010416666666666666,0.0,2.3252837377530395e-16,0.25
active_sampled,8192,6144,39,0.04635249572475263,0.04427565171074006,0.9551945589651709,0.21288234195655914,0.9037085363972988,0.7578078904644732,0.0,0.0,2.3137837301975434e-16,0.25
active_sampled,16384,12288,0,0.04405617881755283,0.0428309628583653,0.9721896907069166,0.16735112454880116,0.8455629582077588,0.7355662011547752,0.0,0.0,2.494105272466256e-16,0.25
active_sampled,16384,12288,1,0.04308242679147848,0.04249013705991694,0.9862521734342343,0.11745384142125911,0.8715206332950004,0.889481225184066,0.0,0.0,2.4974002836390025e-16,0.25
active_sampled,16384,12288,2,0.04057325083765535,0.03931751459204173,0.9690501446226687,0.17661570675341992,0.80440921120063,0.7794502074148807,0.0,0.0,2.450787639905371e-16,0.25
active_sampled,16384,12288,3,0.04494122789840485,0.04427975987116599,0.9852814874410154,0.12154453292528496,0.9203734310930618,0.9239833641418891,0.0,0.0,2.4590206106948416e-16,0.25
active_sampled,16384,12288,4,0.045585013300702984,0.04424026381521138,0.9705001844219958,0.17239676551266905,0.955392848610374,0.878997204227848,0.0,0.0,2.443158285643009e-16,0.25
active_sampled,16384,12288,5,0.04180364519910135,0.040458299627067505,0.9678175057312284,0.18012682954183565,0.8965309668569726,0.861582902717653,0.0,0.0,2.419588513192696e-16,0.25
active_sampled,16384,12288,6,0.04576714036903841,0.04439165506997159,0.9699460073761276,0.17402086543649273,0.9908012190281347,0.9947258891505113,0.0,0.0,2.440928727584503e-16,0.25
active_sampled,16384,12288,7,0.044671064841119386,0.044016641861246354,0.9853501817742514,0.12125951165939577,0.720062095681108,0.7011172028086365,0.0,0.0,2.496330251949982e-16,0.25
active_sampled,16384,12288,8,0.04392079728999973,0.043172355847412656,0.9829592928915822,0.1308202153633494,0.8232285374239933,0.8019586534120889,0.0,0.0,2.4440366888446037e-16,0.25
active_sampled,16384,12288,9,0.04511965843589735,0.04424378957975941,0.9805878659878973,0.13966841941643005,0.8658533419160013,0.796442467117215,0.0,0.0,2.432814316972925e-16,0.25
active_sampled,16384,12288,10,0.045974309093343504,0.045170541721079524,0.982517032053009,0.13251436467832653,1.0795592188915861,1.0597041631314608,0.015625,0.0,2.275441604302426e-16,0.25
active_sampled,16384,12288,11,0.04870263237702152,0.04767279866549458,0.978854660184388,0.1458023279843215,0.7605139945796637,0.8050137376392641,0.0,0.0,2.363244789364911e-16,0.25
active_sampled,16384,12288,12,0.048862010337445624,0.0472046448338121,0.9660806935247321,0.1849646462131485,0.8517287225869646,0.8490778181578335,0.0,0.0,2.2371063741379547e-16,0.25
active_sampled,16384,12288,13,0.04548875126533668,0.04464077448727553,0.9813585391009112,0.13685450749715347,0.9567321788170722,0.8980094275185158,0.0,0.0,2.2888075929729044e-16,0.25
active_sampled,16384,12288,14,0.04428418148376297,0.04271191856547542,0.9644960600917049,0.18927438778739536,0.7693201474849389,0.7059587115046569,0.0,0.0,2.453522786567816e-16,0.25
active_sampled,16384,12288,15,0.04420779262944853,0.04358667972313546,0.9859501488454928,0.11874152805771195,0.681278336799185,0.6821973777436977,0.0,0.0,2.4116401578576603e-16,0.25
active_sampled,16384,12288,16,0.04277447966255479,0.04192042182849511,0.980033472276056,0.14165874791748148,0.8779745615808379,0.9024674514314254,0.0,0.0,2.367756731767286e-16,0.25
active_sampled,16384,12288,17,0.0451696744679108,0.044398102141846085,0.9829183553976496,0.13097793705668556,0.7297507592404895,0.7449064921905475,0.0,0.0,2.4121153281831006e-16,0.25
active_sampled,16384,12288,18,0.04714624195569704,0.046291226650458143,0.9818646138107392,0.13497541768901933,1.036532256272729,0.9483527072488492,0.005208333333333333,0.0,2.4563947344172793e-16,0.25
active_sampled,16384,12288,19,0.04615091801814118,0.04545659488373515,0.9849553776127897,0.1228887189660275,1.2911074523023247,1.199311449350963,0.015625,0.0,2.271166308993302e-16,0.25
active_sampled,16384,12288,20,0.04350171971269955,0.04297384555135238,0.9878654415311983,0.11032495367079088,0.7865050717429707,0.790031385945501,0.0,0.0,2.4269861093559755e-16,0.25
active_sampled,16384,12288,21,0.044761802457796276,0.04400964031503037,0.9831963392565551,0.12990323664789244,1.068544408299016,1.0261177848989824,0.005208333333333333,0.0,2.468342823291302e-16,0.25
active_sampled,16384,12288,22,0.044605564119220675,0.04391304982458932,0.9844747105365507,0.12484398452463594,0.9192491758543215,0.8302372298966729,0.0,0.0,2.4388978728214215e-16,0.25
active_sampled,16384,12288,23,0.04317407725808637,0.042532115138909185,0.9851308433220319,0.1221672804937246,0.9075618362029658,0.8785123939051602,0.0,0.0,2.4786160582283927e-16,0.25
active_sampled,16384,12288,24,0.04492950960921802,0.04336006857541105,0.965068814517286,0.18772767370790697,0.8030690869271284,0.8772236095442205,0.0,0.0,2.4736377424929733e-16,0.25
active_sampled,16384,12288,25,0.04478827839658587,0.0438199503008874,0.9783798768257125,0.1474390083187109,1.0203454850518052,0.9737170678100793,0.010416666666666666,0.0,2.462138156185682e-16,0.25
active_sampled,16384,12288,26,0.046158915498531974,0.04512378740501886,0.9775746877426954,0.15017478378348434,0.9731252737832167,0.9405135615304403,0.0,0.0,2.3713320890002294e-16,0.25
active_sampled,16384,12288,27,0.04570343057979395,0.04498689343690004,0.9843220271694286,0.12545879409000235,1.0038764450436435,0.9972636562252097,0.005208333333333333,0.0,2.257277685491247e-16,0.25
active_sampled,16384,12288,28,0.04397362747604225,0.04294749095037012,0.9766647287347129,0.15320906270790657,1.0492872021877464,0.9379990389866492,0.005208333333333333,0.0,2.428060059184314e-16,0.25
active_sampled,16384,12288,29,0.04579762339983408,0.04498617808539807,0.9822819339913837,0.13340633998912294,1.2492049924013164,1.1637446760294328,0.015625,0.0,2.2479850173804285e-16,0.25
active_sampled,16384,12288,30,0.04608062937643746,0.04545680545521957,0.9864623393894687,0.11654951930955115,0.9584516909345489,0.9484426486727564,0.0,0.0,2.3888985033563946e-16,0.25
active_sampled,16384,12288,31,0.04603636921495574,0.04507404533802911,0.979096442805181,0.14496190450581953,1.1255081640689513,0.9965271675424456,0.015625,0.0,2.4516897905775277e-16,0.25
active_sampled,16384,12288,32,0.044568783851618575,0.043718020077258925,0.9809112185517094,0.13849460930377483,0.9416611876639283,0.9184271986919988,0.0,0.0,2.493157744551446e-16,0.25
active_sampled,16384,12288,33,0.046555512379154895,0.045424196766225076,0.9756996421021807,0.1563643378556939,0.8784997491138238,0.7791651089128249,0.0,0.0,2.404828023681725e-16,0.25
active_sampled,16384,12288,34,0.044437220659803836,0.043737979840288495,0.9842645239928822,0.1256895746461629,0.9009065303068088,0.8091023898887872,0.0,0.0,2.406186608680061e-16,0.25
active_sampled,16384,12288,35,0.046086963438617075,0.04498985540551234,0.9761948292695403,0.1547532036521984,1.0328663087394865,0.8587538082181029,0.005208333333333333,0.0,2.4817458267753365e-16,0.25
active_sampled,16384,12288,36,0.039514904759706135,0.0383563820036109,0.970681372936609,0.1718625372010131,0.9008516459094196,0.8255816253097328,0.0,0.0,2.3356079100646e-16,0.25
active_sampled,16384,12288,37,0.0431235314410484,0.04246879787684676,0.9848172553980954,0.12345369663967676,0.9924138042969923,0.9953602763561108,0.0,0.0,2.487234368906955e-16,0.25
active_sampled,16384,12288,38,0.04549353398201537,0.04483689542157544,0.9855663321143724,0.12035833945065344,0.9889855574950721,0.9737483253928336,0.0,0.0,2.3481600591973285e-16,0.25
active_sampled,16384,12288,39,0.04098915852396443,0.039942105767975467,0.9744553732329782,0.16034299548338335,0.7179022205502588,0.716752250854026,0.0,0.0,2.457337537172941e-16,0.25
