method,source_input_contract,source_input_l2_norm,unit_samples_per_group,replicate,accounted_samples_total,qsvt_consumed_samples,unused_samples,used_fraction,actively_drawn_pairs,rng_seed,classical_weight_scale_reused,classical_intercept_reused,success_probability,fidelity,test_accuracy,raw_target_overlap,orientation_multiplier,orientation_flipped,relative_weight_l2_error
expected_channel_unit_wrapper,intended_scale_safe_unit_vector_wrapper,1.0,16,0,48,48,0,1.0,0,20260729,5.726650464525151,0.03129082689345313,0.0023486861117370077,0.9988017542948194,0.67676,0.9994006975657058,1.0,False,0.03462087330770931
active_sampled_unit_wrapper,intended_scale_safe_unit_vector_wrapper,1.0,16,0,64,48,16,0.75,64,20270729,5.726650464525151,0.03129082689345313,0.1396458418719,0.0006559141376136611,0.50644,0.025610820713394974,1.0,False,1.3959865180485125
active_sampled_unit_wrapper,intended_scale_safe_unit_vector_wrapper,1.0,16,1,64,48,16,0.75,64,20270730,5.726650464525151,0.03129082689345313,0.1483892188129639,0.001971116313959709,0.49488,0.044397255703024135,1.0,False,1.382463557781525
active_sampled_unit_wrapper,intended_scale_safe_unit_vector_wrapper,1.0,16,2,64,48,16,0.75,64,20270731,5.726650464525151,0.03129082689345313,0.15790793940199355,0.00027078547745273523,0.511,-0.01645556068484861,-1.0,True,1.402529457312859
active_sampled_unit_wrapper,intended_scale_safe_unit_vector_wrapper,1.0,16,3,64,48,16,0.75,64,20270732,5.726650464525151,0.03129082689345313,0.1522717405005975,1.2491834607066098e-10,0.49668,-1.117668761622427e-05,-1.0,True,1.4142056592394077
active_sampled_unit_wrapper,intended_scale_safe_unit_vector_wrapper,1.0,16,4,64,48,16,0.75,64,20270733,5.726650464525151,0.03129082689345313,0.13252960234399994,0.010298795547766325,0.53076,0.10148298156718852,1.0,False,1.3405349815896723
active_sampled_unit_wrapper,intended_scale_safe_unit_vector_wrapper,1.0,16,5,64,48,16,0.75,64,20270734,5.726650464525151,0.03129082689345313,0.13481929959250022,0.007776088861615691,0.52028,0.08818213459434791,1.0,False,1.3504205755287144
active_sampled_unit_wrapper,intended_scale_safe_unit_vector_wrapper,1.0,16,6,64,48,16,0.75,64,20270735,5.726650464525151,0.03129082689345313,0.14730068833916127,0.013848546236080376,0.52856,-0.1176798463462643,-1.0,True,1.328397646530387
active_sampled_unit_wrapper,intended_scale_safe_unit_vector_wrapper,1.0,16,7,64,48,16,0.75,64,20270736,5.726650464525151,0.03129082689345313,0.12682169754980246,0.008093203212503439,0.5082,-0.08996223214495869,-1.0,True,1.349101751429477
active_sampled_unit_wrapper,intended_scale_safe_unit_vector_wrapper,1.0,16,8,64,48,16,0.75,64,20270737,5.726650464525151,0.03129082689345313,0.13939168370701177,0.005868026727488495,0.506,0.07660304646349579,1.0,False,1.3589679566027333
active_sampled_unit_wrapper,intended_scale_safe_unit_vector_wrapper,1.0,16,9,64,48,16,0.75,64,20270738,5.726650464525151,0.03129082689345313,0.14490852890667774,0.03569452932822661,0.53896,0.18892995878956467,1.0,False,1.2736326324418947
active_sampled_unit_wrapper,intended_scale_safe_unit_vector_wrapper,1.0,16,10,64,48,16,0.75,64,20270739,5.726650464525151,0.03129082689345313,0.13176184605643423,0.0010231119192894364,0.50172,-0.03198612072898863,-1.0,True,1.3914121454630264
active_sampled_unit_wrapper,intended_scale_safe_unit_vector_wrapper,1.0,16,11,64,48,16,0.75,64,20270740,5.726650464525151,0.03129082689345313,0.11423043983436448,8.971111975300245e-05,0.50964,-0.009471595417510317,-1.0,True,1.4075001986376339
active_sampled_unit_wrapper,intended_scale_safe_unit_vector_wrapper,1.0,16,12,64,48,16,0.75,64,20270741,5.726650464525151,0.03129082689345313,0.12859667278500128,0.0058774229108080785,0.5142,0.07666435228193139,1.0,False,1.358922843812752
active_sampled_unit_wrapper,intended_scale_safe_unit_vector_wrapper,1.0,16,13,64,48,16,0.75,64,20270742,5.726650464525151,0.03129082689345313,0.14872563306188558,0.002765964229811311,0.50652,-0.05259243510060464,-1.0,True,1.3765228402750136
active_sampled_unit_wrapper,intended_scale_safe_unit_vector_wrapper,1.0,16,14,64,48,16,0.75,64,20270743,5.726650464525151,0.03129082689345313,0.1366883413639545,0.0012254480170444688,0.4896,-0.03500639965841201,-1.0,True,1.3892397923624185
active_sampled_unit_wrapper,intended_scale_safe_unit_vector_wrapper,1.0,16,15,64,48,16,0.75,64,20270744,5.726650464525151,0.03129082689345313,0.15809239112936294,0.009949702564832685,0.51472,0.09974819579738115,1.0,False,1.3418284571454122
active_sampled_unit_wrapper,intended_scale_safe_unit_vector_wrapper,1.0,16,16,64,48,16,0.75,64,20270745,5.726650464525151,0.03129082689345313,0.15083417427057194,0.004278311869846468,0.51688,0.06540880575156886,1.0,False,1.367180452060686
active_sampled_unit_wrapper,intended_scale_safe_unit_vector_wrapper,1.0,16,17,64,48,16,0.75,64,20270746,5.726650464525151,0.03129082689345313,0.14815239139882713,0.0031668465857963277,0.52236,0.05627474198782548,1.0,False,1.3738451572227306
active_sampled_unit_wrapper,intended_scale_safe_unit_vector_wrapper,1.0,16,18,64,48,16,0.75,64,20270747,5.726650464525151,0.03129082689345313,0.14195300449034015,0.008774716826564548,0.51256,0.09367345849580097,1.0,False,1.346348054185246
active_sampled_unit_wrapper,intended_scale_safe_unit_vector_wrapper,1.0,16,19,64,48,16,0.75,64,20270748,5.726650464525151,0.03129082689345313,0.1432294589754231,0.000288212046865107,0.50084,-0.016976809089611244,-1.0,True,1.4021577592485013
expected_channel_unit_wrapper,intended_scale_safe_unit_vector_wrapper,1.0,32,0,96,96,0,1.0,0,20260729,5.726650464525151,0.03129082689345313,0.006094955618751741,0.9997042576261501,0.67724,0.9998521178785141,1.0,False,0.017197797619802026
active_sampled_unit_wrapper,intended_scale_safe_unit_vector_wrapper,1.0,32,0,128,96,32,0.75,128,20271729,5.726650464525151,0.03129082689345313,0.12346042830332021,0.008316558281661515,0.51372,0.09119516588976367,1.0,False,1.3481875493493005
active_sampled_unit_wrapper,intended_scale_safe_unit_vector_wrapper,1.0,32,1,128,96,32,0.75,128,20271730,5.726650464525151,0.03129082689345313,0.12327879723314195,0.012870564064104355,0.52628,0.11344850842608886,1.0,False,1.3315791313879255
active_sampled_unit_wrapper,intended_scale_safe_unit_vector_wrapper,1.0,32,2,128,96,32,0.75,128,20271731,5.726650464525151,0.03129082689345313,0.1370429637842007,0.09209749314366165,0.56232,0.30347568789552426,1.0,False,1.1802748087665649
active_sampled_unit_wrapper,intended_scale_safe_unit_vector_wrapper,1.0,32,3,128,96,32,0.75,128,20271732,5.726650464525151,0.03129082689345313,0.14152421624972725,0.024979102891155368,0.51556,0.15804778673285927,1.0,False,1.2976534308259204
active_sampled_unit_wrapper,intended_scale_safe_unit_vector_wrapper,1.0,32,4,128,96,32,0.75,128,20271733,5.726650464525151,0.03129082689345313,0.15076471483355045,0.008314921326889923,0.4994,0.09118619043961604,1.0,False,1.3481942067524129
active_sampled_unit_wrapper,intended_scale_safe_unit_vector_wrapper,1.0,32,5,128,96,32,0.75,128,20271734,5.726650464525151,0.03129082689345313,0.10738805441547594,0.024300095292127327,0.53484,0.1558848783305402,1.0,False,1.2993191460680165
active_sampled_unit_wrapper,intended_scale_safe_unit_vector_wrapper,1.0,32,6,128,96,32,0.75,128,20271735,5.726650464525151,0.03129082689345313,0.14392365410627178,0.06359162991040938,0.56352,0.25217380893028796,1.0,False,1.222968675861906
active_sampled_unit_wrapper,intended_scale_safe_unit_vector_wrapper,1.0,32,7,128,96,32,0.75,128,20271736,5.726650464525151,0.03129082689345313,0.11687639848101045,0.04747305789901636,0.54608,0.21788312899124695,1.0,False,1.2506933045385291
active_sampled_unit_wrapper,intended_scale_safe_unit_vector_wrapper,1.0,32,8,128,96,32,0.75,128,20271737,5.726650464525151,0.03129082689345313,0.1251156938558409,0.02217039304773078,0.52336,0.1488972566830255,1.0,False,1.304685972421697
active_sampled_unit_wrapper,intended_scale_safe_unit_vector_wrapper,1.0,32,9,128,96,32,0.75,128,20271738,5.726650464525151,0.03129082689345313,0.13199753568601813,0.03307787108351402,0.5466,0.18187322805601164,1.0,False,1.2791612657862872
active_sampled_unit_wrapper,intended_scale_safe_unit_vector_wrapper,1.0,32,10,128,96,32,0.75,128,20271739,5.726650464525151,0.03129082689345313,0.14172924507571394,0.03543101104473123,0.52732,0.18823127010337903,1.0,False,1.2741810937983824
active_sampled_unit_wrapper,intended_scale_safe_unit_vector_wrapper,1.0,32,11,128,96,32,0.75,128,20271740,5.726650464525151,0.03129082689345313,0.14183928671313079,0.020250633603746855,0.542,0.14230472094680083,1.0,False,1.3097291926602226
active_sampled_unit_wrapper,intended_scale_safe_unit_vector_wrapper,1.0,32,12,128,96,32,0.75,128,20271741,5.726650464525151,0.03129082689345313,0.07667027849706355,0.0007180629628880136,0.50128,0.026796696865248402,1.0,False,1.3951367697360366
active_sampled_unit_wrapper,intended_scale_safe_unit_vector_wrapper,1.0,32,13,128,96,32,0.75,128,20271742,5.726650464525151,0.03129082689345313,0.1270807922220298,0.04503908010691176,0.5316,0.21222412706125512,1.0,False,1.2552098413721466
active_sampled_unit_wrapper,intended_scale_safe_unit_vector_wrapper,1.0,32,14,128,96,32,0.75,128,20271743,5.726650464525151,0.03129082689345313,0.15198495952583474,0.07572743014729069,0.55552,0.2751861736121397,1.0,False,1.20400483918285
active_sampled_unit_wrapper,intended_scale_safe_unit_vector_wrapper,1.0,32,15,128,96,32,0.75,128,20271744,5.726650464525151,0.03129082689345313,0.10947535914753805,0.022201665875738893,0.5312,0.1490022344655908,1.0,False,1.304605507833237
active_sampled_unit_wrapper,intended_scale_safe_unit_vector_wrapper,1.0,32,16,128,96,32,0.75,128,20271745,5.726650464525151,0.03129082689345313,0.1473119783827674,0.04019602859451426,0.5522,0.20048947252789673,1.0,False,1.264524042849406
active_sampled_unit_wrapper,intended_scale_safe_unit_vector_wrapper,1.0,32,17,128,96,32,0.75,128,20271746,5.726650464525151,0.03129082689345313,0.0824626572381314,0.0032137761550788003,0.491,0.05669017688346721,1.0,False,1.3735427354957201
active_sampled_unit_wrapper,intended_scale_safe_unit_vector_wrapper,1.0,32,18,128,96,32,0.75,128,20271747,5.726650464525151,0.03129082689345313,0.15431968082847047,0.07835010561344703,0.55296,0.2799108887011133,1.0,False,1.200074257118189
active_sampled_unit_wrapper,intended_scale_safe_unit_vector_wrapper,1.0,32,19,128,96,32,0.75,128,20271748,5.726650464525151,0.03129082689345313,0.10390258844103162,0.0035194697343309896,0.4974,0.059325118915439096,1.0,False,1.3716230393840436
expected_channel_unit_wrapper,intended_scale_safe_unit_vector_wrapper,1.0,64,0,192,192,0,1.0,0,20260729,5.726650464525151,0.03129082689345313,0.009813416968948767,0.9998282052556807,0.6776,0.9999140989383442,1.0,False,0.013107330899605956
active_sampled_unit_wrapper,intended_scale_safe_unit_vector_wrapper,1.0,64,0,256,192,64,0.75,256,20272729,5.726650464525151,0.03129082689345313,0.1139949126635397,0.07465233486302748,0.55728,0.2732257946516534,1.0,False,1.2056319549085839
active_sampled_unit_wrapper,intended_scale_safe_unit_vector_wrapper,1.0,64,1,256,192,64,0.75,256,20272730,5.726650464525151,0.03129082689345313,0.16820707853992684,0.1203644505737783,0.5702,0.34693580180456773,1.0,False,1.1428597448466125
active_sampled_unit_wrapper,intended_scale_safe_unit_vector_wrapper,1.0,64,2,256,192,64,0.75,256,20272731,5.726650464525151,0.03129082689345313,0.1044371607200747,0.22434757874030584,0.5938,0.47365343737832816,1.0,False,1.0260083456012157
active_sampled_unit_wrapper,intended_scale_safe_unit_vector_wrapper,1.0,64,3,256,192,64,0.75,256,20272732,5.726650464525151,0.03129082689345313,0.09113022602006765,0.09009102817075636,0.5464,0.3001516752756119,1.0,False,1.183087760670685
active_sampled_unit_wrapper,intended_scale_safe_unit_vector_wrapper,1.0,64,4,256,192,64,0.75,256,20272733,5.726650464525151,0.03129082689345313,0.10587221438185564,0.13799625844793442,0.56048,0.37147847642620485,1.0,False,1.1211793108809984
active_sampled_unit_wrapper,intended_scale_safe_unit_vector_wrapper,1.0,64,5,256,192,64,0.75,256,20272734,5.726650464525151,0.03129082689345313,0.10612116420268328,0.028571658381969452,0.51392,0.1690315307330838,1.0,False,1.2891613314608192
active_sampled_unit_wrapper,intended_scale_safe_unit_vector_wrapper,1.0,64,6,256,192,64,0.75,256,20272735,5.726650464525151,0.03129082689345313,0.10851742093665287,0.16236005791328842,0.57936,0.40293927323269,1.0,False,1.0927586437702608
active_sampled_unit_wrapper,intended_scale_safe_unit_vector_wrapper,1.0,64,7,256,192,64,0.75,256,20272736,5.726650464525151,0.03129082689345313,0.11042932704589487,0.15111302677106178,0.56464,0.38873259031249463,1.0,False,1.1056829651283457
active_sampled_unit_wrapper,intended_scale_safe_unit_vector_wrapper,1.0,64,8,256,192,64,0.75,256,20272737,5.726650464525151,0.03129082689345313,0.13054898730310638,0.11255808862794632,0.57468,0.3354967788637416,1.0,False,1.152825417082967
active_sampled_unit_wrapper,intended_scale_safe_unit_vector_wrapper,1.0,64,9,256,192,64,0.75,256,20272738,5.726650464525151,0.03129082689345313,0.11308801508013622,0.07635760352876658,0.545,0.2763287960542053,1.0,False,1.2030554467237118
active_sampled_unit_wrapper,intended_scale_safe_unit_vector_wrapper,1.0,64,10,256,192,64,0.75,256,20272739,5.726650464525151,0.03129082689345313,0.15373658623963882,0.08793979582130233,0.55616,0.2965464479998072,1.0,False,1.186131149578488
active_sampled_unit_wrapper,intended_scale_safe_unit_vector_wrapper,1.0,64,11,256,192,64,0.75,256,20272740,5.726650464525151,0.03129082689345313,0.1152492808481221,0.10552984979359882,0.55568,0.3248535820852201,1.0,False,1.162021013506021
active_sampled_unit_wrapper,intended_scale_safe_unit_vector_wrapper,1.0,64,12,256,192,64,0.75,256,20272741,5.726650464525151,0.03129082689345313,0.14382435449637423,0.11962909026214379,0.57352,0.345874385091096,1.0,False,1.143788105296522
active_sampled_unit_wrapper,intended_scale_safe_unit_vector_wrapper,1.0,64,13,256,192,64,0.75,256,20272742,5.726650464525151,0.03129082689345313,0.10137182726382556,0.11341324478088752,0.56224,0.3367688298831819,1.0,False,1.151721468165648
active_sampled_unit_wrapper,intended_scale_safe_unit_vector_wrapper,1.0,64,14,256,192,64,0.75,256,20272743,5.726650464525151,0.03129082689345313,0.10832851740402116,0.14145382323753503,0.57844,0.3761034741098984,1.0,False,1.1170465754749006
active_sampled_unit_wrapper,intended_scale_safe_unit_vector_wrapper,1.0,64,15,256,192,64,0.75,256,20272744,5.726650464525151,0.03129082689345313,0.12705315765046393,0.11969482669317157,0.56932,0.34596940138279797,1.0,False,1.1437050306938428
active_sampled_unit_wrapper,intended_scale_safe_unit_vector_wrapper,1.0,64,16,256,192,64,0.75,256,20272745,5.726650464525151,0.03129082689345313,0.09399309631782604,0.10765902080579517,0.55912,0.3281143410547536,1.0,False,1.1592115069694973
active_sampled_unit_wrapper,intended_scale_safe_unit_vector_wrapper,1.0,64,17,256,192,64,0.75,256,20272746,5.726650464525151,0.03129082689345313,0.13839839849365465,0.146166132769581,0.57972,0.38231679634771604,1.0,False,1.1114703807590052
active_sampled_unit_wrapper,intended_scale_safe_unit_vector_wrapper,1.0,64,18,256,192,64,0.75,256,20272747,5.726650464525151,0.03129082689345313,0.13101287652375992,0.03861380716348471,0.53748,0.1965039622081059,1.0,False,1.2676719116489836
active_sampled_unit_wrapper,intended_scale_safe_unit_vector_wrapper,1.0,64,19,256,192,64,0.75,256,20272748,5.726650464525151,0.03129082689345313,0.09697121450777862,0.06790354101797538,0.55028,0.26058307891721477,1.0,False,1.2160731236918159
expected_channel_unit_wrapper,intended_scale_safe_unit_vector_wrapper,1.0,128,0,384,384,0,1.0,0,20260729,5.726650464525151,0.03129082689345313,0.012445607214982066,0.9998653254250042,0.67768,0.9999326604451942,1.0,False,0.011605132899341383
active_sampled_unit_wrapper,intended_scale_safe_unit_vector_wrapper,1.0,128,0,512,384,128,0.75,512,20273729,5.726650464525151,0.03129082689345313,0.10357642004048255,0.2623494906060068,0.60896,0.5122006351089452,1.0,False,0.9877240149870357
active_sampled_unit_wrapper,intended_scale_safe_unit_vector_wrapper,1.0,128,1,512,384,128,0.75,512,20273730,5.726650464525151,0.03129082689345313,0.09548841312338119,0.28867667055404034,0.58264,0.5372863952809901,1.0,False,0.9619912730571
active_sampled_unit_wrapper,intended_scale_safe_unit_vector_wrapper,1.0,128,2,512,384,128,0.75,512,20273731,5.726650464525151,0.03129082689345313,0.08008326659635377,0.25184918631952946,0.60648,0.50184577941787,1.0,False,0.9981525139798326
active_sampled_unit_wrapper,intended_scale_safe_unit_vector_wrapper,1.0,128,3,512,384,128,0.75,512,20273732,5.726650464525151,0.03129082689345313,0.08453594711669536,0.19109082737486371,0.59036,0.4371393683653575,1.0,False,1.061000124066574
active_sampled_unit_wrapper,intended_scale_safe_unit_vector_wrapper,1.0,128,4,512,384,128,0.75,512,20273733,5.726650464525151,0.03129082689345313,0.10400051430473314,0.2300923513415684,0.59204,0.47967942559752175,1.0,False,1.020118203349473
active_sampled_unit_wrapper,intended_scale_safe_unit_vector_wrapper,1.0,128,5,512,384,128,0.75,512,20273734,5.726650464525151,0.03129082689345313,0.09861076527236631,0.23462823196549537,0.60156,0.48438438451863347,1.0,False,1.0154955593023207
active_sampled_unit_wrapper,intended_scale_safe_unit_vector_wrapper,1.0,128,6,512,384,128,0.75,512,20273735,5.726650464525151,0.03129082689345313,0.07549594055246224,0.21670604104073615,0.57584,0.46551696106665774,1.0,False,1.0339081573653846
active_sampled_unit_wrapper,intended_scale_safe_unit_vector_wrapper,1.0,128,7,512,384,128,0.75,512,20273736,5.726650464525151,0.03129082689345313,0.08747327293945475,0.18427482968519104,0.57296,0.4292724422615445,1.0,False,1.0683890281526252
active_sampled_unit_wrapper,intended_scale_safe_unit_vector_wrapper,1.0,128,8,512,384,128,0.75,512,20273737,5.726650464525151,0.03129082689345313,0.0705830925983305,0.18426489619106018,0.56856,0.42926087195440976,1.0,False,1.068399857773849
active_sampled_unit_wrapper,intended_scale_safe_unit_vector_wrapper,1.0,128,9,512,384,128,0.75,512,20273738,5.726650464525151,0.03129082689345313,0.09234089631210243,0.29178114995217475,0.6074,0.5401677053954399,1.0,False,0.9589914437622059
active_sampled_unit_wrapper,intended_scale_safe_unit_vector_wrapper,1.0,128,10,512,384,128,0.75,512,20273739,5.726650464525151,0.03129082689345313,0.09000906475192877,0.3084090814455529,0.5952,0.5553459115232171,1.0,False,0.9430313764417204
active_sampled_unit_wrapper,intended_scale_safe_unit_vector_wrapper,1.0,128,11,512,384,128,0.75,512,20273740,5.726650464525151,0.03129082689345313,0.07272160859912115,0.24139709272789614,0.58904,0.49132178124717424,1.0,False,1.0086408862948455
active_sampled_unit_wrapper,intended_scale_safe_unit_vector_wrapper,1.0,128,12,512,384,128,0.75,512,20273741,5.726650464525151,0.03129082689345313,0.07476490696868643,0.30313529787453336,0.59492,0.5505772406071044,1.0,False,0.9480746377716215
active_sampled_unit_wrapper,intended_scale_safe_unit_vector_wrapper,1.0,128,13,512,384,128,0.75,512,20273742,5.726650464525151,0.03129082689345313,0.09660045049069868,0.19244187765353568,0.59148,0.43868197780799667,1.0,False,1.0595452063899902
active_sampled_unit_wrapper,intended_scale_safe_unit_vector_wrapper,1.0,128,14,512,384,128,0.75,512,20273743,5.726650464525151,0.03129082689345313,0.12818257030885197,0.19911739886516897,0.58976,0.4462257263596183,1.0,False,1.0524013242488643
active_sampled_unit_wrapper,intended_scale_safe_unit_vector_wrapper,1.0,128,15,512,384,128,0.75,512,20273744,5.726650464525151,0.03129082689345313,0.08236836156192753,0.13938438951144855,0.57108,0.37334218822877296,1.0,False,1.1195157987015878
active_sampled_unit_wrapper,intended_scale_safe_unit_vector_wrapper,1.0,128,16,512,384,128,0.75,512,20273745,5.726650464525151,0.03129082689345313,0.09323171085971971,0.2548038563756967,0.57772,0.5047809984297118,1.0,False,0.9952075176266387
active_sampled_unit_wrapper,intended_scale_safe_unit_vector_wrapper,1.0,128,17,512,384,128,0.75,512,20273746,5.726650464525151,0.03129082689345313,0.11241663705229211,0.27958572739250837,0.5818,0.5287586664939955,1.0,False,0.9708154649633518
active_sampled_unit_wrapper,intended_scale_safe_unit_vector_wrapper,1.0,128,18,512,384,128,0.75,512,20273747,5.726650464525151,0.03129082689345313,0.0647758472674679,0.20020335007586892,0.56216,0.44744089003562126,1.0,False,1.0512460320632642
active_sampled_unit_wrapper,intended_scale_safe_unit_vector_wrapper,1.0,128,19,512,384,128,0.75,512,20273748,5.726650464525151,0.03129082689345313,0.06569623205531294,0.18639490184987118,0.57688,0.4317347586769812,1.0,False,1.0660818367489606
expected_channel_unit_wrapper,intended_scale_safe_unit_vector_wrapper,1.0,256,0,768,768,0,1.0,0,20260729,5.726650464525151,0.03129082689345313,0.014013176643002593,0.9998812206843813,0.6776,0.9999406085785202,1.0,False,0.010898754193005808
active_sampled_unit_wrapper,intended_scale_safe_unit_vector_wrapper,1.0,256,0,1024,768,256,0.75,1024,20274729,5.726650464525151,0.03129082689345313,0.08588419133589155,0.4861089969516159,0.62928,0.6972151726343998,1.0,False,0.7781835610774621
active_sampled_unit_wrapper,intended_scale_safe_unit_vector_wrapper,1.0,256,1,1024,768,256,0.75,1024,20274730,5.726650464525151,0.03129082689345313,0.056778007819185815,0.4283550709010472,0.6176,0.6544884039469662,1.0,False,0.8312780474101717
active_sampled_unit_wrapper,intended_scale_safe_unit_vector_wrapper,1.0,256,2,1024,768,256,0.75,1024,20274731,5.726650464525151,0.03129082689345313,0.09359350936610897,0.48752158715419575,0.62824,0.6982274608995236,1.0,False,0.7768816371886729
active_sampled_unit_wrapper,intended_scale_safe_unit_vector_wrapper,1.0,256,3,1024,768,256,0.75,1024,20274732,5.726650464525151,0.03129082689345313,0.0937502621624902,0.44424015656177834,0.62816,0.6665134331442828,1.0,False,0.8166842313351189
active_sampled_unit_wrapper,intended_scale_safe_unit_vector_wrapper,1.0,256,4,1024,768,256,0.75,1024,20274733,5.726650464525151,0.03129082689345313,0.06340604781742282,0.5090938190439099,0.635,0.7135081072026511,1.0,False,0.7569569245305162
active_sampled_unit_wrapper,intended_scale_safe_unit_vector_wrapper,1.0,256,5,1024,768,256,0.75,1024,20274734,5.726650464525151,0.03129082689345313,0.07679973547414481,0.4823191300967423,0.64036,0.6944919942639672,1.0,False,0.7816751316704822
active_sampled_unit_wrapper,intended_scale_safe_unit_vector_wrapper,1.0,256,6,1024,768,256,0.75,1024,20274735,5.726650464525151,0.03129082689345313,0.04818946169390043,0.3480964006347288,0.60524,0.589996949682563,1.0,False,0.9055418823195723
active_sampled_unit_wrapper,intended_scale_safe_unit_vector_wrapper,1.0,256,7,1024,768,256,0.75,1024,20274736,5.726650464525151,0.03129082689345313,0.053568287751290106,0.40837433620340535,0.62284,0.6390417327556983,1.0,False,0.8496567156732202
active_sampled_unit_wrapper,intended_scale_safe_unit_vector_wrapper,1.0,256,8,1024,768,256,0.75,1024,20274737,5.726650464525151,0.03129082689345313,0.07852097948748159,0.5569864017734188,0.64036,0.7463152160939899,1.0,False,0.7122987911066676
active_sampled_unit_wrapper,intended_scale_safe_unit_vector_wrapper,1.0,256,9,1024,768,256,0.75,1024,20274738,5.726650464525151,0.03129082689345313,0.05033584020050822,0.3905708322958317,0.61136,0.6249566643342814,1.0,False,0.8660754420553889
active_sampled_unit_wrapper,intended_scale_safe_unit_vector_wrapper,1.0,256,10,1024,768,256,0.75,1024,20274739,5.726650464525151,0.03129082689345313,0.06404042990467798,0.5377022143546132,0.6428,0.7332818110076188,1.0,False,0.7303672897828617
active_sampled_unit_wrapper,intended_scale_safe_unit_vector_wrapper,1.0,256,11,1024,768,256,0.75,1024,20274740,5.726650464525151,0.03129082689345313,0.07723519768747937,0.35580685880755486,0.60064,0.5964954809615534,1.0,False,0.898336817723115
active_sampled_unit_wrapper,intended_scale_safe_unit_vector_wrapper,1.0,256,12,1024,768,256,0.75,1024,20274741,5.726650464525151,0.03129082689345313,0.08210143470031885,0.42638897993109987,0.62908,0.6529846705176928,1.0,False,0.8330850250512336
active_sampled_unit_wrapper,intended_scale_safe_unit_vector_wrapper,1.0,256,13,1024,768,256,0.75,1024,20274742,5.726650464525151,0.03129082689345313,0.09464921334670182,0.45406156212319015,0.62452,0.6738409026789559,1.0,False,0.8076621785388295
active_sampled_unit_wrapper,intended_scale_safe_unit_vector_wrapper,1.0,256,14,1024,768,256,0.75,1024,20274743,5.726650464525151,0.03129082689345313,0.06933366225337301,0.4563459720885707,0.63316,0.6755338422970167,1.0,False,0.8055633528196071
active_sampled_unit_wrapper,intended_scale_safe_unit_vector_wrapper,1.0,256,15,1024,768,256,0.75,1024,20274744,5.726650464525151,0.03129082689345313,0.06182154930121475,0.3821186265699489,0.61652,0.6181574448067004,1.0,False,0.8738907885923725
active_sampled_unit_wrapper,intended_scale_safe_unit_vector_wrapper,1.0,256,16,1024,768,256,0.75,1024,20274745,5.726650464525151,0.03129082689345313,0.11204907739015717,0.46625510959234545,0.6212,0.6828287556864792,1.0,False,0.7964562063459872
active_sampled_unit_wrapper,intended_scale_safe_unit_vector_wrapper,1.0,256,17,1024,768,256,0.75,1024,20274746,5.726650464525151,0.03129082689345313,0.06733920585019944,0.34000433660940343,0.60736,0.5830989080845577,1.0,False,0.9131276930587992
active_sampled_unit_wrapper,intended_scale_safe_unit_vector_wrapper,1.0,256,18,1024,768,256,0.75,1024,20274747,5.726650464525151,0.03129082689345313,0.08256591321337661,0.5426108025618798,0.6344,0.7366212069726745,1.0,False,0.7257806735196598
active_sampled_unit_wrapper,intended_scale_safe_unit_vector_wrapper,1.0,256,19,1024,768,256,0.75,1024,20274748,5.726650464525151,0.03129082689345313,0.05760689937672967,0.370100261636074,0.60876,0.6083586620046385,1.0,False,0.8850325847056271
expected_channel_unit_wrapper,intended_scale_safe_unit_vector_wrapper,1.0,512,0,1536,1536,0,1.0,0,20260729,5.726650464525151,0.03129082689345313,0.014868770815120183,0.9998887228546453,0.67756,0.9999443598794111,1.0,False,0.010548945026776741
active_sampled_unit_wrapper,intended_scale_safe_unit_vector_wrapper,1.0,512,0,2048,1536,512,0.75,2048,20275729,5.726650464525151,0.03129082689345313,0.057076626046104396,0.6274932449667672,0.64572,0.7921447121370988,1.0,False,0.6447562141816103
active_sampled_unit_wrapper,intended_scale_safe_unit_vector_wrapper,1.0,512,1,2048,1536,512,0.75,2048,20275730,5.726650464525151,0.03129082689345313,0.06204234229782015,0.6707406817276506,0.65092,0.818987595588389,1.0,False,0.601684974736134
active_sampled_unit_wrapper,intended_scale_safe_unit_vector_wrapper,1.0,512,2,2048,1536,512,0.75,2048,20275731,5.726650464525151,0.03129082689345313,0.06443091926843111,0.6306144379310674,0.64244,0.7941123585054368,1.0,False,0.6416971894820223
active_sampled_unit_wrapper,intended_scale_safe_unit_vector_wrapper,1.0,512,3,2048,1536,512,0.75,2048,20275732,5.726650464525151,0.03129082689345313,0.053734934089243534,0.5116651484217247,0.63456,0.7153077298769563,1.0,False,0.7545757352619331
active_sampled_unit_wrapper,intended_scale_safe_unit_vector_wrapper,1.0,512,4,2048,1536,512,0.75,2048,20275733,5.726650464525151,0.03129082689345313,0.07227487354578063,0.6274601410389284,0.64632,0.792123816735066,1.0,False,0.644788621588399
active_sampled_unit_wrapper,intended_scale_safe_unit_vector_wrapper,1.0,512,5,2048,1536,512,0.75,2048,20275734,5.726650464525151,0.03129082689345313,0.045105582742697284,0.6225889610776472,0.64436,0.7890430666811838,1.0,False,0.6495489717008504
active_sampled_unit_wrapper,intended_scale_safe_unit_vector_wrapper,1.0,512,6,2048,1536,512,0.75,2048,20275735,5.726650464525151,0.03129082689345313,0.052023529123180604,0.6328092277994671,0.64796,0.795493072125375,1.0,False,0.6395419108621809
active_sampled_unit_wrapper,intended_scale_safe_unit_vector_wrapper,1.0,512,7,2048,1536,512,0.75,2048,20275736,5.726650464525151,0.03129082689345313,0.05842180046463968,0.6799063530659303,0.65708,0.8245643413742376,1.0,False,0.5923439180505906
active_sampled_unit_wrapper,intended_scale_safe_unit_vector_wrapper,1.0,512,8,2048,1536,512,0.75,2048,20275737,5.726650464525151,0.03129082689345313,0.06089685820560438,0.6408469891477103,0.63932,0.8005291931889245,1.0,False,0.6316182499122006
active_sampled_unit_wrapper,intended_scale_safe_unit_vector_wrapper,1.0,512,9,2048,1536,512,0.75,2048,20275738,5.726650464525151,0.03129082689345313,0.06952381885132267,0.5430386073917254,0.6326,0.7369115329479689,1.0,False,0.7253805443379787
active_sampled_unit_wrapper,intended_scale_safe_unit_vector_wrapper,1.0,512,10,2048,1536,512,0.75,2048,20275739,5.726650464525151,0.03129082689345313,0.055885659369948805,0.6212729875833364,0.64024,0.7882087208242093,1.0,False,0.6508322044517937
active_sampled_unit_wrapper,intended_scale_safe_unit_vector_wrapper,1.0,512,11,2048,1536,512,0.75,2048,20275740,5.726650464525151,0.03129082689345313,0.07556510646273987,0.6288428458938927,0.64252,0.7929961197218387,1.0,False,0.6434343482876266
active_sampled_unit_wrapper,intended_scale_safe_unit_vector_wrapper,1.0,512,12,2048,1536,512,0.75,2048,20275741,5.726650464525151,0.03129082689345313,0.05702512167362178,0.5763705232548628,0.64028,0.7591907028243055,1.0,False,0.6939874597940435
active_sampled_unit_wrapper,intended_scale_safe_unit_vector_wrapper,1.0,512,13,2048,1536,512,0.75,2048,20275742,5.726650464525151,0.03129082689345313,0.060819245686793595,0.657302133817636,0.64868,0.8107417183157877,1.0,False,0.6152369977239865
active_sampled_unit_wrapper,intended_scale_safe_unit_vector_wrapper,1.0,512,14,2048,1536,512,0.75,2048,20275743,5.726650464525151,0.03129082689345313,0.05650638643744106,0.5324401541573273,0.63332,0.7296849691184047,1.0,False,0.7352755005868141
active_sampled_unit_wrapper,intended_scale_safe_unit_vector_wrapper,1.0,512,15,2048,1536,512,0.75,2048,20275744,5.726650464525151,0.03129082689345313,0.052806451494274445,0.5137954083323015,0.62636,0.7167952345909545,1.0,False,0.7526018408282635
active_sampled_unit_wrapper,intended_scale_safe_unit_vector_wrapper,1.0,512,16,2048,1536,512,0.75,2048,20275745,5.726650464525151,0.03129082689345313,0.058641876456723314,0.563759206804905,0.63028,0.7508390019204549,1.0,False,0.7059192561186373
active_sampled_unit_wrapper,intended_scale_safe_unit_vector_wrapper,1.0,512,17,2048,1536,512,0.75,2048,20275746,5.726650464525151,0.03129082689345313,0.06401407556588673,0.6542339947830392,0.644,0.8088473247671895,1.0,False,0.6183084589956871
active_sampled_unit_wrapper,intended_scale_safe_unit_vector_wrapper,1.0,512,18,2048,1536,512,0.75,2048,20275747,5.726650464525151,0.03129082689345313,0.04821641658950919,0.5571217928928488,0.6278,0.7464059169733643,1.0,False,0.7121714442837983
active_sampled_unit_wrapper,intended_scale_safe_unit_vector_wrapper,1.0,512,19,2048,1536,512,0.75,2048,20275748,5.726650464525151,0.03129082689345313,0.04707980222322961,0.5925580755422932,0.64408,0.7697779391112045,1.0,False,0.6785603302416013
expected_channel_unit_wrapper,intended_scale_safe_unit_vector_wrapper,1.0,1024,0,3072,3072,0,1.0,0,20260729,5.726650464525151,0.03129082689345313,0.015315760244841145,0.9998923762400498,0.67752,0.9999461866720878,1.0,False,0.010374326764858945
active_sampled_unit_wrapper,intended_scale_safe_unit_vector_wrapper,1.0,1024,0,4096,3072,1024,0.75,4096,20276729,5.726650464525151,0.03129082689345313,0.06617436491997247,0.6600637197854259,0.64692,0.8124430563340583,1.0,False,0.6124654172538099
active_sampled_unit_wrapper,intended_scale_safe_unit_vector_wrapper,1.0,1024,1,4096,3072,1024,0.75,4096,20276730,5.726650464525151,0.03129082689345313,0.05414024593118605,0.786680125752084,0.66056,0.8869499003619562,1.0,False,0.47549994666254974
active_sampled_unit_wrapper,intended_scale_safe_unit_vector_wrapper,1.0,1024,2,4096,3072,1024,0.75,4096,20276731,5.726650464525151,0.03129082689345313,0.06387376562965354,0.7910450776305766,0.66524,0.8894071495274685,1.0,False,0.4703038389648366
active_sampled_unit_wrapper,intended_scale_safe_unit_vector_wrapper,1.0,1024,3,4096,3072,1024,0.75,4096,20276732,5.726650464525151,0.03129082689345313,0.053785833738559816,0.8096377944382672,0.6614,0.8997987521875473,1.0,False,0.4476633731107623
active_sampled_unit_wrapper,intended_scale_safe_unit_vector_wrapper,1.0,1024,4,4096,3072,1024,0.75,4096,20276733,5.726650464525151,0.03129082689345313,0.05807390152956981,0.825426379251776,0.6628,0.9085297899638602,1.0,False,0.4277153493531407
active_sampled_unit_wrapper,intended_scale_safe_unit_vector_wrapper,1.0,1024,5,4096,3072,1024,0.75,4096,20276734,5.726650464525151,0.03129082689345313,0.04966947582248809,0.7229429409445755,0.6524,0.8502605135748545,1.0,False,0.5472467202736722
active_sampled_unit_wrapper,intended_scale_safe_unit_vector_wrapper,1.0,1024,6,4096,3072,1024,0.75,4096,20276735,5.726650464525151,0.03129082689345313,0.05005870220445968,0.6899181751280201,0.64452,0.830613132046454,1.0,False,0.5820427268741463
active_sampled_unit_wrapper,intended_scale_safe_unit_vector_wrapper,1.0,1024,7,4096,3072,1024,0.75,4096,20276736,5.726650464525151,0.03129082689345313,0.04887572973486983,0.7810599556680557,0.66084,0.8837759646358662,1.0,False,0.482128686896214
active_sampled_unit_wrapper,intended_scale_safe_unit_vector_wrapper,1.0,1024,8,4096,3072,1024,0.75,4096,20276737,5.726650464525151,0.03129082689345313,0.046433310897067454,0.7997730255758573,0.66208,0.8943002994385372,1.0,False,0.4597819060412511
active_sampled_unit_wrapper,intended_scale_safe_unit_vector_wrapper,1.0,1024,9,4096,3072,1024,0.75,4096,20276738,5.726650464525151,0.03129082689345313,0.057981377045901256,0.7502765916920138,0.65244,0.8661850793519903,1.0,False,0.5173295287300151
active_sampled_unit_wrapper,intended_scale_safe_unit_vector_wrapper,1.0,1024,10,4096,3072,1024,0.75,4096,20276739,5.726650464525151,0.03129082689345313,0.045825693403799286,0.7489368637286401,0.6538,0.865411384099285,1.0,False,0.5188229291400196
active_sampled_unit_wrapper,intended_scale_safe_unit_vector_wrapper,1.0,1024,11,4096,3072,1024,0.75,4096,20276740,5.726650464525151,0.03129082689345313,0.0565946773172145,0.7816533875504553,0.6576,0.8841116374929443,1.0,False,0.48143195263101424
active_sampled_unit_wrapper,intended_scale_safe_unit_vector_wrapper,1.0,1024,12,4096,3072,1024,0.75,4096,20276741,5.726650464525151,0.03129082689345313,0.0553588133969709,0.7966262637806422,0.66556,0.892539222544669,1.0,False,0.4635963275422507
active_sampled_unit_wrapper,intended_scale_safe_unit_vector_wrapper,1.0,1024,13,4096,3072,1024,0.75,4096,20276742,5.726650464525151,0.03129082689345313,0.05141682419692639,0.7814130183582878,0.65496,0.8839756887823826,1.0,False,0.4817142539257422
active_sampled_unit_wrapper,intended_scale_safe_unit_vector_wrapper,1.0,1024,14,4096,3072,1024,0.75,4096,20276743,5.726650464525151,0.03129082689345313,0.04972455220528238,0.7035597930484058,0.64948,0.8387847119782321,1.0,False,0.5678297069047512
active_sampled_unit_wrapper,intended_scale_safe_unit_vector_wrapper,1.0,1024,15,4096,3072,1024,0.75,4096,20276744,5.726650464525151,0.03129082689345313,0.06247649488366955,0.7762313183267512,0.65744,0.8810399073406103,1.0,False,0.48777062777373065
active_sampled_unit_wrapper,intended_scale_safe_unit_vector_wrapper,1.0,1024,16,4096,3072,1024,0.75,4096,20276745,5.726650464525151,0.03129082689345313,0.05450823062881626,0.7859039727123218,0.6576,0.8865122518681408,1.0,False,0.47641945411970577
active_sampled_unit_wrapper,intended_scale_safe_unit_vector_wrapper,1.0,1024,17,4096,3072,1024,0.75,4096,20276746,5.726650464525151,0.03129082689345313,0.04783070593314605,0.710925850033716,0.65344,0.843164189250063,1.0,False,0.5600639441169858
active_sampled_unit_wrapper,intended_scale_safe_unit_vector_wrapper,1.0,1024,18,4096,3072,1024,0.75,4096,20276747,5.726650464525151,0.03129082689345313,0.0650777267359428,0.7778178583341674,0.65932,0.8819398269350168,1.0,False,0.485922160566861
active_sampled_unit_wrapper,intended_scale_safe_unit_vector_wrapper,1.0,1024,19,4096,3072,1024,0.75,4096,20276748,5.726650464525151,0.03129082689345313,0.050180748889157356,0.7592291505527259,0.65484,0.8713375640661465,1.0,False,0.5072719900287289
expected_channel_unit_wrapper,intended_scale_safe_unit_vector_wrapper,1.0,2048,0,6144,6144,0,1.0,0,20260729,5.726650464525151,0.03129082689345313,0.015544216352132368,0.9998941793449766,0.67756,0.9999470882726629,1.0,False,0.010287052769088591
active_sampled_unit_wrapper,intended_scale_safe_unit_vector_wrapper,1.0,2048,0,8192,6144,2048,0.75,8192,20277729,5.726650464525151,0.03129082689345313,0.05086456752199534,0.8661482542188084,0.67048,0.9306708624528912,1.0,False,0.3723684668365702
active_sampled_unit_wrapper,intended_scale_safe_unit_vector_wrapper,1.0,2048,1,8192,6144,2048,0.75,8192,20277730,5.726650464525151,0.03129082689345313,0.049331726619408975,0.8610790801927145,0.6604,0.9279434682095211,1.0,False,0.379622264337799
active_sampled_unit_wrapper,intended_scale_safe_unit_vector_wrapper,1.0,2048,2,8192,6144,2048,0.75,8192,20277731,5.726650464525151,0.03129082689345313,0.053654970552027316,0.8226807358940184,0.65928,0.9070174948114388,1.0,False,0.43123660602634634
active_sampled_unit_wrapper,intended_scale_safe_unit_vector_wrapper,1.0,2048,3,8192,6144,2048,0.75,8192,20277732,5.726650464525151,0.03129082689345313,0.051001226236030824,0.8177233928568841,0.66368,0.9042805940950431,1.0,False,0.4375372119144995
active_sampled_unit_wrapper,intended_scale_safe_unit_vector_wrapper,1.0,2048,4,8192,6144,2048,0.75,8192,20277733,5.726650464525151,0.03129082689345313,0.04407261667325024,0.8689656893746122,0.66608,0.9321832917267999,1.0,False,0.36828442343710377
active_sampled_unit_wrapper,intended_scale_safe_unit_vector_wrapper,1.0,2048,5,8192,6144,2048,0.75,8192,20277734,5.726650464525151,0.03129082689345313,0.04752053933583259,0.8040729856590871,0.66064,0.8967011685389326,1.0,False,0.45453015622963305
active_sampled_unit_wrapper,intended_scale_safe_unit_vector_wrapper,1.0,2048,6,8192,6144,2048,0.75,8192,20277735,5.726650464525151,0.03129082689345313,0.045584114414120844,0.9090801948542102,0.66924,0.953456970635912,1.0,False,0.30510007985606347
active_sampled_unit_wrapper,intended_scale_safe_unit_vector_wrapper,1.0,2048,7,8192,6144,2048,0.75,8192,20277736,5.726650464525151,0.03129082689345313,0.05331696080615074,0.8418400917607557,0.66332,0.9175184421910851,1.0,False,0.4061565161582781
active_sampled_unit_wrapper,intended_scale_safe_unit_vector_wrapper,1.0,2048,8,8192,6144,2048,0.75,8192,20277737,5.726650464525151,0.03129082689345313,0.0422570273698686,0.8736115496606195,0.66676,0.9346718941214717,1.0,False,0.36146398403859903
active_sampled_unit_wrapper,intended_scale_safe_unit_vector_wrapper,1.0,2048,9,8192,6144,2048,0.75,8192,20277738,5.726650464525151,0.03129082689345313,0.04261838217656537,0.8812241461739991,0.6658,0.9387353973159844,1.0,False,0.3500417194678817
active_sampled_unit_wrapper,intended_scale_safe_unit_vector_wrapper,1.0,2048,10,8192,6144,2048,0.75,8192,20277739,5.726650464525151,0.03129082689345313,0.05233377135704514,0.8331184837069988,0.66684,0.9127532436025625,1.0,False,0.41772420661828435
active_sampled_unit_wrapper,intended_scale_safe_unit_vector_wrapper,1.0,2048,11,8192,6144,2048,0.75,8192,20277740,5.726650464525151,0.03129082689345313,0.04620955063253564,0.8499323631254777,0.65704,0.9219177637541636,1.0,False,0.3951765080210017
active_sampled_unit_wrapper,intended_scale_safe_unit_vector_wrapper,1.0,2048,12,8192,6144,2048,0.75,8192,20277741,5.726650464525151,0.03129082689345313,0.053694104031352496,0.8483828219909323,0.66508,0.9210769902624494,1.0,False,0.39729840104775305
active_sampled_unit_wrapper,intended_scale_safe_unit_vector_wrapper,1.0,2048,13,8192,6144,2048,0.75,8192,20277742,5.726650464525151,0.03129082689345313,0.04827333222288487,0.8891845812625482,0.67044,0.942965843104907,1.0,False,0.33774000916412883
active_sampled_unit_wrapper,intended_scale_safe_unit_vector_wrapper,1.0,2048,14,8192,6144,2048,0.75,8192,20277743,5.726650464525151,0.03129082689345313,0.04857313410532814,0.8530577405366604,0.66544,0.9236112496806546,1.0,False,0.39086762546761394
active_sampled_unit_wrapper,intended_scale_safe_unit_vector_wrapper,1.0,2048,15,8192,6144,2048,0.75,8192,20277744,5.726650464525151,0.03129082689345313,0.052760958243666,0.8795124079298913,0.66904,0.9378232285083854,1.0,False,0.3526379772276792
active_sampled_unit_wrapper,intended_scale_safe_unit_vector_wrapper,1.0,2048,16,8192,6144,2048,0.75,8192,20277745,5.726650464525151,0.03129082689345313,0.045825869841064334,0.8778557357515533,0.66628,0.9369395582168325,1.0,False,0.3551350215992996
active_sampled_unit_wrapper,intended_scale_safe_unit_vector_wrapper,1.0,2048,17,8192,6144,2048,0.75,8192,20277746,5.726650464525151,0.03129082689345313,0.04661195414044902,0.8720496710752454,0.66124,0.933835997954269,1.0,False,0.36376916319482294
active_sampled_unit_wrapper,intended_scale_safe_unit_vector_wrapper,1.0,2048,18,8192,6144,2048,0.75,8192,20277747,5.726650464525151,0.03129082689345313,0.04580742836992184,0.8469122963815494,0.66736,0.9202783798294674,1.0,False,0.3993034439383976
active_sampled_unit_wrapper,intended_scale_safe_unit_vector_wrapper,1.0,2048,19,8192,6144,2048,0.75,8192,20277748,5.726650464525151,0.03129082689345313,0.05345045517854159,0.8881470978639606,0.67024,0.9424155653765278,1.0,False,0.33936539194052195
expected_channel_unit_wrapper,intended_scale_safe_unit_vector_wrapper,1.0,4096,0,12288,12288,0,1.0,0,20260729,5.726650464525151,0.03129082689345313,0.015659705708615385,0.9998950750506808,0.67752,0.9999475361491126,1.0,False,0.010243422366310304
active_sampled_unit_wrapper,intended_scale_safe_unit_vector_wrapper,1.0,4096,0,16384,12288,4096,0.75,16384,20278729,5.726650464525151,0.03129082689345313,0.04875725495658592,0.9346759228316339,0.6736,0.9667863894530342,1.0,False,0.25773478828813895
active_sampled_unit_wrapper,intended_scale_safe_unit_vector_wrapper,1.0,4096,1,16384,12288,4096,0.75,16384,20278730,5.726650464525151,0.03129082689345313,0.04547778092568341,0.9287756169513054,0.67096,0.9637300539836378,1.0,False,0.26933230781457435
active_sampled_unit_wrapper,intended_scale_safe_unit_vector_wrapper,1.0,4096,2,16384,12288,4096,0.75,16384,20278731,5.726650464525151,0.03129082689345313,0.043852888933458734,0.9263746240449914,0.66524,0.9624835707922454,1.0,False,0.27392126316792015
active_sampled_unit_wrapper,intended_scale_safe_unit_vector_wrapper,1.0,4096,3,16384,12288,4096,0.75,16384,20278732,5.726650464525151,0.03129082689345313,0.047736844752441235,0.9429528168663429,0.67252,0.9710575764939703,1.0,False,0.24059269941554629
active_sampled_unit_wrapper,intended_scale_safe_unit_vector_wrapper,1.0,4096,4,16384,12288,4096,0.75,16384,20278733,5.726650464525151,0.03129082689345313,0.04770644384663461,0.9158259046420572,0.66948,0.9569879333837272,1.0,False,0.29329870990603696
active_sampled_unit_wrapper,intended_scale_safe_unit_vector_wrapper,1.0,4096,5,16384,12288,4096,0.75,16384,20278734,5.726650464525151,0.03129082689345313,0.052324394399083374,0.9301180719764427,0.67208,0.9644262916244262,1.0,False,0.2667347310553081
active_sampled_unit_wrapper,intended_scale_safe_unit_vector_wrapper,1.0,4096,6,16384,12288,4096,0.75,16384,20278735,5.726650464525151,0.03129082689345313,0.047542857359885476,0.9358437609391728,0.67132,0.9673901802991246,1.0,False,0.25538136071716533
active_sampled_unit_wrapper,intended_scale_safe_unit_vector_wrapper,1.0,4096,7,16384,12288,4096,0.75,16384,20278736,5.726650464525151,0.03129082689345313,0.04866290361623997,0.9421223691698849,0.67408,0.970629882689527,1.0,False,0.24236384759478063
active_sampled_unit_wrapper,intended_scale_safe_unit_vector_wrapper,1.0,4096,8,16384,12288,4096,0.75,16384,20278737,5.726650464525151,0.03129082689345313,0.04903715744969074,0.9315566169432865,0.67176,0.9651718069562986,1.0,False,0.2639249629864571
active_sampled_unit_wrapper,intended_scale_safe_unit_vector_wrapper,1.0,4096,9,16384,12288,4096,0.75,16384,20278738,5.726650464525151,0.03129082689345313,0.047587568331394034,0.9322543600687964,0.67104,0.9655331998791116,1.0,False,0.2625520905301974
active_sampled_unit_wrapper,intended_scale_safe_unit_vector_wrapper,1.0,4096,10,16384,12288,4096,0.75,16384,20278739,5.726650464525151,0.03129082689345313,0.04603157348223037,0.9048881246280205,0.669,0.9512560773146317,1.0,False,0.312230436329863
active_sampled_unit_wrapper,intended_scale_safe_unit_vector_wrapper,1.0,4096,11,16384,12288,4096,0.75,16384,20278740,5.726650464525151,0.03129082689345313,0.05024711208317388,0.9241178546378641,0.67212,0.9613104881555512,1.0,False,0.2781708534136843
active_sampled_unit_wrapper,intended_scale_safe_unit_vector_wrapper,1.0,4096,12,16384,12288,4096,0.75,16384,20278741,5.726650464525151,0.03129082689345313,0.048805766581819184,0.9017709046348369,0.66992,0.9496161880648607,1.0,False,0.31743916562119195
active_sampled_unit_wrapper,intended_scale_safe_unit_vector_wrapper,1.0,4096,13,16384,12288,4096,0.75,16384,20278742,5.726650464525151,0.03129082689345313,0.04608234112929312,0.9216552721143564,0.674,0.9600287871279467,1.0,False,0.28274091628928893
active_sampled_unit_wrapper,intended_scale_safe_unit_vector_wrapper,1.0,4096,14,16384,12288,4096,0.75,16384,20278743,5.726650464525151,0.03129082689345313,0.04830875859330714,0.9348776680775347,0.67356,0.9668907218902945,1.0,False,0.2573296644761557
active_sampled_unit_wrapper,intended_scale_safe_unit_vector_wrapper,1.0,4096,15,16384,12288,4096,0.75,16384,20278744,5.726650464525151,0.03129082689345313,0.04735178630720338,0.9363673533723452,0.67136,0.9676607635800603,1.0,False,0.2543196273194017
active_sampled_unit_wrapper,intended_scale_safe_unit_vector_wrapper,1.0,4096,16,16384,12288,4096,0.75,16384,20278745,5.726650464525151,0.03129082689345313,0.04622894743627646,0.9181637786653043,0.67292,0.9582086300306966,1.0,False,0.28910679676999457
active_sampled_unit_wrapper,intended_scale_safe_unit_vector_wrapper,1.0,4096,17,16384,12288,4096,0.75,16384,20278746,5.726650464525151,0.03129082689345313,0.04752783302928605,0.932321185907616,0.67436,0.9655678049249654,1.0,False,0.26242025483957776
active_sampled_unit_wrapper,intended_scale_safe_unit_vector_wrapper,1.0,4096,18,16384,12288,4096,0.75,16384,20278747,5.726650464525151,0.03129082689345313,0.04537732113006373,0.936112625192402,0.67144,0.9675291340277057,1.0,False,0.25483667700036516
active_sampled_unit_wrapper,intended_scale_safe_unit_vector_wrapper,1.0,4096,19,16384,12288,4096,0.75,16384,20278748,5.726650464525151,0.03129082689345313,0.0492383516014063,0.9283711207308923,0.67228,0.9635201714187889,1.0,False,0.27011045363410535
