schema_version,design_id,fetched_at_utc,fetch_batch_id,submission_batch_id,campaign_label,grid_cell_id,experiment_id,task_id,P_parallel_streams,M_data_per_stream,base_stream_seed,replicate_id,assignment_id,pair_index,stream_seed,stream_sha256,mother_stream_sha256,stream_counts,ideal_F_echo_fixed,hardware_loss_vs_fixed_ideal,physical_pair,returned_layout_signature,layout_audit_pass,successes_00,raw_F_echo,raw_F_echo_ci_low,raw_F_echo_ci_high,raw_marginal_distribution,retry_index,retry_of_task_id
2,pm_grid_v1,2026-07-31T00:11:50.930866+00:00,fetch_20260731T001150Z_699eb3c0,imdb_parallel_qos_grid_001_P1_8765e8e17ca2,imdb_parallel_qos_grid_001,P1_M4,imdb_parallel_grid_M4_P1_seed20260731_rep0_auto_v0,2607310810373622492,1,4,20260731,0,auto_v0,0,4300699173232547148,be10444e5d88b0f89ce9647e9acaac07871451e08c433155bdc34207539eb3de,1fc4621dfb9fe3648b221ca0214a201ea18097fe7257422752af448de41e7fcd,"[0, 1, 0, 3]",0.25,0.07275390625,"[34, 40]","[[34,40]]",True,726,0.17724609375,0.1658553126808875,0.1892417010557027,"{'00': 726, '01': 1106, '10': 1120, '11': 1144}",,
2,pm_grid_v1,2026-07-31T00:11:51.994817+00:00,fetch_20260731T001150Z_699eb3c0,imdb_parallel_qos_grid_001_P1_8765e8e17ca2,imdb_parallel_qos_grid_001,P1_M8,imdb_parallel_grid_M8_P1_seed20260731_rep0_auto_v0,2607310810377523666,1,8,20260731,0,auto_v0,0,4300699173232547148,d7cace55ef704cb2afef43b5c725e51701755d3fbd36908aeb6790885bce23e1,1fc4621dfb9fe3648b221ca0214a201ea18097fe7257422752af448de41e7fcd,"[2, 2, 1, 3]",0.25,-0.0751953125,"[34, 40]","[[34,40]]",True,1332,0.3251953125,0.31101893803645847,0.3396992630493196,"{'00': 1332, '01': 730, '10': 717, '11': 1317}",,
2,pm_grid_v1,2026-07-31T00:11:53.042417+00:00,fetch_20260731T001150Z_699eb3c0,imdb_parallel_qos_grid_001_P1_8765e8e17ca2,imdb_parallel_qos_grid_001,P1_M16,imdb_parallel_grid_M16_P1_seed20260731_rep0_auto_v0,2607310810381424102,1,16,20260731,0,auto_v0,0,4300699173232547148,98a0fbd7b303c26f433a5a438d80b9761eb83ab7b64dfd398483292ac093352c,1fc4621dfb9fe3648b221ca0214a201ea18097fe7257422752af448de41e7fcd,"[5, 5, 2, 4]",0.46338834764831843,0.31128873827331843,"[34, 40]","[[34,40]]",True,623,0.152099609375,0.14142813679247512,0.16342303156958315,"{'00': 623, '01': 1385, '10': 684, '11': 1404}",,
2,pm_grid_v1,2026-07-31T00:11:54.082822+00:00,fetch_20260731T001150Z_699eb3c0,imdb_parallel_qos_grid_001_P1_8765e8e17ca2,imdb_parallel_qos_grid_001,P1_M32,imdb_parallel_grid_M32_P1_seed20260731_rep0_auto_v0,2607310810385348008,1,32,20260731,0,auto_v0,0,4300699173232547148,c65335889ba5d97f8fc4c4e4c3585f0f72d96f85c8ae5a5af1cc6d9e1745751c,1fc4621dfb9fe3648b221ca0214a201ea18097fe7257422752af448de41e7fcd,"[7, 9, 7, 9]",0.8982315199883696,0.6274795668633696,"[34, 40]","[[34,40]]",True,1109,0.270751953125,0.25736352009708313,0.28456998663412586,"{'00': 1109, '01': 1260, '10': 879, '11': 848}",,
2,pm_grid_v1,2026-07-31T00:11:55.458759+00:00,fetch_20260731T001150Z_699eb3c0,imdb_parallel_qos_grid_001_P1_8765e8e17ca2,imdb_parallel_qos_grid_001,P1_M64,imdb_parallel_grid_M64_P1_seed20260731_rep0_auto_v0,2607310810389410769,1,64,20260731,0,auto_v0,0,4300699173232547148,12f9eec3f55190e66bd97add0f248b363aa88c8cab25b5ec9117885c0d457a76,1fc4621dfb9fe3648b221ca0214a201ea18097fe7257422752af448de41e7fcd,"[17, 18, 14, 15]",0.9184882524147662,0.6972968461647662,"[34, 40]","[[34,40]]",True,906,0.22119140625,0.20874526867058774,0.23416001853605822,"{'00': 906, '01': 1222, '10': 855, '11': 1113}",,
2,pm_grid_v1,2026-07-31T00:11:56.241201+00:00,fetch_20260731T001150Z_699eb3c0,imdb_parallel_qos_grid_001_P1_8765e8e17ca2,imdb_parallel_qos_grid_001,P1_M96,imdb_parallel_grid_M96_P1_seed20260731_rep0_auto_v0,2607310810394988671,1,96,20260731,0,auto_v0,0,4300699173232547148,1fc4621dfb9fe3648b221ca0214a201ea18097fe7257422752af448de41e7fcd,1fc4621dfb9fe3648b221ca0214a201ea18097fe7257422752af448de41e7fcd,"[23, 27, 20, 26]",0.8828929792692342,0.6758617292692342,"[34, 40]","[[34,40]]",True,848,0.20703125,0.1949001801864945,0.2197113300131335,"{'00': 848, '01': 889, '10': 1095, '11': 1264}",,
2,pm_grid_v1,2026-07-31T00:23:45.730086+00:00,fetch_20260731T002345Z_87f4049f,imdb_parallel_qos_grid_001_P2_6fbe20de144c,imdb_parallel_qos_grid_001,P2_M4,imdb_parallel_grid_M4_P2_seed20260731_rep0_auto_v0,2607310821430180214,2,4,20260731,0,auto_v0,0,4300699173232547148,be10444e5d88b0f89ce9647e9acaac07871451e08c433155bdc34207539eb3de,1fc4621dfb9fe3648b221ca0214a201ea18097fe7257422752af448de41e7fcd,"[0, 1, 0, 3]",0.25,0.034423828125,"[41, 48]","[[41,48],[40,34]]",True,883,0.215576171875,0.2032523253603711,0.22843301579176775,"{'00': 883, '01': 1229, '10': 843, '11': 1141}",,
2,pm_grid_v1,2026-07-31T00:23:45.730086+00:00,fetch_20260731T002345Z_87f4049f,imdb_parallel_qos_grid_001_P2_6fbe20de144c,imdb_parallel_qos_grid_001,P2_M4,imdb_parallel_grid_M4_P2_seed20260731_rep0_auto_v0,2607310821430180214,2,4,20260731,0,auto_v0,1,8372395983197385615,81b61ebe3dc134c913ddfad12081868e24a970caa24ac9c7be19368fd3d6f851,649420bf8a1912a26cddb51b971d91e42e6aec8f53fb7c336a21a5b7daf56aeb,"[0, 1, 1, 2]",0.25,0.040283203125,"[40, 34]","[[41,48],[40,34]]",True,859,0.209716796875,0.19752425404698398,0.2224533173091474,"{'00': 859, '01': 909, '10': 703, '11': 1625}",,
2,pm_grid_v1,2026-07-31T00:23:46.347021+00:00,fetch_20260731T002345Z_87f4049f,imdb_parallel_qos_grid_001_P2_6fbe20de144c,imdb_parallel_qos_grid_001,P2_M8,imdb_parallel_grid_M8_P2_seed20260731_rep0_auto_v0,2607310821434299257,2,8,20260731,0,auto_v0,0,4300699173232547148,d7cace55ef704cb2afef43b5c725e51701755d3fbd36908aeb6790885bce23e1,1fc4621dfb9fe3648b221ca0214a201ea18097fe7257422752af448de41e7fcd,"[2, 2, 1, 3]",0.25,-0.065185546875,"[40, 34]","[[40,34],[48,41]]",True,1291,0.315185546875,0.3011365276420486,0.3295809000422168,"{'00': 1291, '01': 556, '10': 897, '11': 1352}",,
2,pm_grid_v1,2026-07-31T00:23:46.347021+00:00,fetch_20260731T002345Z_87f4049f,imdb_parallel_qos_grid_001_P2_6fbe20de144c,imdb_parallel_qos_grid_001,P2_M8,imdb_parallel_grid_M8_P2_seed20260731_rep0_auto_v0,2607310821434299257,2,8,20260731,0,auto_v0,1,8372395983197385615,17be6dc00ceb89c131ef6a9a85c25d92e04086b293e644ee8aff6a491b81f2e3,649420bf8a1912a26cddb51b971d91e42e6aec8f53fb7c336a21a5b7daf56aeb,"[2, 1, 1, 4]",0.25,0.086181640625,"[48, 41]","[[40,34],[48,41]]",True,671,0.163818359375,0.15279985622303627,0.17546685173103688,"{'00': 671, '01': 716, '10': 1423, '11': 1286}",,
2,pm_grid_v1,2026-07-31T00:37:03.244333+00:00,fetch_20260731T003703Z_3c4fc7d2,imdb_parallel_qos_grid_001_P2_6fbe20de144c,imdb_parallel_qos_grid_001,P2_M16,imdb_parallel_grid_M16_P2_seed20260731_rep0_auto_v0,2607310821438467483,2,16,20260731,0,auto_v0,0,4300699173232547148,98a0fbd7b303c26f433a5a438d80b9761eb83ab7b64dfd398483292ac093352c,1fc4621dfb9fe3648b221ca0214a201ea18097fe7257422752af448de41e7fcd,"[5, 5, 2, 4]",0.46338834764831843,0.25904264452331843,"[40, 48]","[[40,48],[34,41]]",False,837,0.204345703125,0.19227693469362953,0.21696851434949507,"{'00': 837, '01': 1065, '10': 981, '11': 1213}",,
2,pm_grid_v1,2026-07-31T00:37:03.244333+00:00,fetch_20260731T003703Z_3c4fc7d2,imdb_parallel_qos_grid_001_P2_6fbe20de144c,imdb_parallel_qos_grid_001,P2_M16,imdb_parallel_grid_M16_P2_seed20260731_rep0_auto_v0,2607310821438467483,2,16,20260731,0,auto_v0,1,8372395983197385615,1ff6bcff0d5b01a647054b7418b06857357ba8245127da98ef372a70f63219db,649420bf8a1912a26cddb51b971d91e42e6aec8f53fb7c336a21a5b7daf56aeb,"[5, 3, 1, 7]",0.03661165235168155,-0.14869108202331843,"[34, 41]","[[40,48],[34,41]]",False,759,0.185302734375,0.17370061030952616,0.19749458689657423,"{'00': 759, '01': 833, '10': 1219, '11': 1285}",,
2,pm_grid_v1,2026-07-31T00:23:47.547769+00:00,fetch_20260731T002345Z_87f4049f,imdb_parallel_qos_grid_001_P2_6fbe20de144c,imdb_parallel_qos_grid_001,P2_M32,imdb_parallel_grid_M32_P2_seed20260731_rep0_auto_v0,2607310821442690814,2,32,20260731,0,auto_v0,0,4300699173232547148,c65335889ba5d97f8fc4c4e4c3585f0f72d96f85c8ae5a5af1cc6d9e1745751c,1fc4621dfb9fe3648b221ca0214a201ea18097fe7257422752af448de41e7fcd,"[7, 9, 7, 9]",0.8982315199883696,0.7126846449883696,"[41, 48]","[[41,48],[40,34]]",True,760,0.185546875,0.17393848075732343,0.19774454019027732,"{'00': 760, '01': 1366, '10': 711, '11': 1259}",,
2,pm_grid_v1,2026-07-31T00:23:47.547769+00:00,fetch_20260731T002345Z_87f4049f,imdb_parallel_qos_grid_001_P2_6fbe20de144c,imdb_parallel_qos_grid_001,P2_M32,imdb_parallel_grid_M32_P2_seed20260731_rep0_auto_v0,2607310821442690814,2,32,20260731,0,auto_v0,1,8372395983197385615,23aa449b758369b7e69223f2ad0b4cf83ce0b105fc2a82bc8260153666ce70d3,649420bf8a1912a26cddb51b971d91e42e6aec8f53fb7c336a21a5b7daf56aeb,"[10, 11, 2, 9]",0.18235048748172544,-0.012717871893274557,"[40, 34]","[[41,48],[40,34]]",True,799,0.195068359375,0.18322136030319566,0.20748678656291716,"{'00': 799, '01': 880, '10': 1144, '11': 1273}",,
2,pm_grid_v1,2026-07-31T00:23:48.293212+00:00,fetch_20260731T002345Z_87f4049f,imdb_parallel_qos_grid_001_P2_6fbe20de144c,imdb_parallel_qos_grid_001,P2_M64,imdb_parallel_grid_M64_P2_seed20260731_rep0_auto_v0,2607310821448759741,2,64,20260731,0,auto_v0,0,4300699173232547148,12f9eec3f55190e66bd97add0f248b363aa88c8cab25b5ec9117885c0d457a76,1fc4621dfb9fe3648b221ca0214a201ea18097fe7257422752af448de41e7fcd,"[17, 18, 14, 15]",0.9184882524147662,0.7417304399147662,"[48, 41]","[[48,41],[40,34]]",True,724,0.1767578125,0.1653801215596772,0.18874124469391237,"{'00': 724, '01': 751, '10': 1266, '11': 1355}",,
2,pm_grid_v1,2026-07-31T00:23:48.293212+00:00,fetch_20260731T002345Z_87f4049f,imdb_parallel_qos_grid_001_P2_6fbe20de144c,imdb_parallel_qos_grid_001,P2_M64,imdb_parallel_grid_M64_P2_seed20260731_rep0_auto_v0,2607310821448759741,2,64,20260731,0,auto_v0,1,8372395983197385615,c60a0d3d3cc28fc7db6bbc8a77695eabb5da015ef28fc8e2b055d1178d74e4ab,649420bf8a1912a26cddb51b971d91e42e6aec8f53fb7c336a21a5b7daf56aeb,"[18, 15, 14, 17]",0.9526980648168515,0.7278445491918515,"[40, 34]","[[48,41],[40,34]]",True,921,0.224853515625,0.21232944424552833,0.2378931990836223,"{'00': 921, '01': 931, '10': 1025, '11': 1219}",,
2,pm_grid_v1,2026-07-31T01:08:02.619317+00:00,fetch_20260731T010802Z_bd4ae0c3,imdb_parallel_qos_grid_001_P2_6fbe20de144c,imdb_parallel_qos_grid_001,P2_M16,imdb_parallel_grid_M16_P2_seed20260731_rep0_auto_v0,2607310905096989403,2,16,20260731,0,auto_v0,0,4300699173232547148,98a0fbd7b303c26f433a5a438d80b9761eb83ab7b64dfd398483292ac093352c,1fc4621dfb9fe3648b221ca0214a201ea18097fe7257422752af448de41e7fcd,"[5, 5, 2, 4]",0.46338834764831843,0.23633756639831843,"[40, 48]","[[40,48],[34,41]]",False,930,0.22705078125,0.21448062712751412,0.2401324298751393,"{'00': 930, '01': 1010, '10': 1018, '11': 1138}",1.0,2.6073108214384676e+18
2,pm_grid_v1,2026-07-31T01:08:02.619317+00:00,fetch_20260731T010802Z_bd4ae0c3,imdb_parallel_qos_grid_001_P2_6fbe20de144c,imdb_parallel_qos_grid_001,P2_M16,imdb_parallel_grid_M16_P2_seed20260731_rep0_auto_v0,2607310905096989403,2,16,20260731,0,auto_v0,1,8372395983197385615,1ff6bcff0d5b01a647054b7418b06857357ba8245127da98ef372a70f63219db,649420bf8a1912a26cddb51b971d91e42e6aec8f53fb7c336a21a5b7daf56aeb,"[5, 3, 1, 7]",0.03661165235168155,-0.13282194139831843,"[34, 41]","[[40,48],[34,41]]",False,694,0.16943359375,0.1582562526263949,0.18123040138218535,"{'00': 694, '01': 778, '10': 1163, '11': 1461}",1.0,2.6073108214384676e+18
2,pm_grid_v1,2026-07-31T01:06:51.658101+00:00,fetch_20260731T010650Z_16ab2b6a,imdb_parallel_qos_grid_001_P2_6fbe20de144c,imdb_parallel_qos_grid_001,P2_M96,imdb_parallel_grid_M96_P2_seed20260731_rep0_auto_v0,2607310905112989450,2,96,20260731,0,auto_v0,0,4300699173232547148,1fc4621dfb9fe3648b221ca0214a201ea18097fe7257422752af448de41e7fcd,1fc4621dfb9fe3648b221ca0214a201ea18097fe7257422752af448de41e7fcd,"[23, 27, 20, 26]",0.8828929792692342,0.7022289167692342,"[40, 34]","[[40,34],[48,41]]",True,740,0.1806640625,0.16918256024095962,0.19274398587663488,"{'00': 740, '01': 835, '10': 1090, '11': 1431}",1.0,2.6073108214548183e+18
2,pm_grid_v1,2026-07-31T01:06:51.658101+00:00,fetch_20260731T010650Z_16ab2b6a,imdb_parallel_qos_grid_001_P2_6fbe20de144c,imdb_parallel_qos_grid_001,P2_M96,imdb_parallel_grid_M96_P2_seed20260731_rep0_auto_v0,2607310905112989450,2,96,20260731,0,auto_v0,1,8372395983197385615,649420bf8a1912a26cddb51b971d91e42e6aec8f53fb7c336a21a5b7daf56aeb,649420bf8a1912a26cddb51b971d91e42e6aec8f53fb7c336a21a5b7daf56aeb,"[26, 23, 25, 22]",0.978758221151357,0.788572674276357,"[48, 41]","[[40,34],[48,41]]",True,779,0.190185546875,0.17845947851984778,0.20249219351625886,"{'00': 779, '01': 759, '10': 1262, '11': 1296}",1.0,2.6073108214548183e+18
2,pm_grid_v1,2026-07-31T01:20:31.605355+00:00,fetch_20260731T012031Z_a69fbe56,imdb_parallel_qos_grid_001_P2_6fbe20de144c,imdb_parallel_qos_grid_001,P2_M16,imdb_parallel_grid_M16_P2_seed20260731_rep0_auto_v0,2607310919042542704,2,16,20260731,0,auto_v0,0,4300699173232547148,98a0fbd7b303c26f433a5a438d80b9761eb83ab7b64dfd398483292ac093352c,1fc4621dfb9fe3648b221ca0214a201ea18097fe7257422752af448de41e7fcd,"[5, 5, 2, 4]",0.46338834764831843,0.28858366014831843,"[48, 41]","[[48,41],[34,40]]",True,716,0.1748046875,0.16347968619865083,0.18673909012293627,"{'00': 716, '01': 837, '10': 1371, '11': 1172}",2.0,2.607310905096989e+18
2,pm_grid_v1,2026-07-31T01:20:31.605355+00:00,fetch_20260731T012031Z_a69fbe56,imdb_parallel_qos_grid_001_P2_6fbe20de144c,imdb_parallel_qos_grid_001,P2_M16,imdb_parallel_grid_M16_P2_seed20260731_rep0_auto_v0,2607310919042542704,2,16,20260731,0,auto_v0,1,8372395983197385615,1ff6bcff0d5b01a647054b7418b06857357ba8245127da98ef372a70f63219db,649420bf8a1912a26cddb51b971d91e42e6aec8f53fb7c336a21a5b7daf56aeb,"[5, 3, 1, 7]",0.03661165235168155,-0.08838834764831845,"[34, 40]","[[48,41],[34,40]]",True,512,0.125,0.11522193602218074,0.13548079703334315,"{'00': 512, '01': 566, '10': 1538, '11': 1480}",2.0,2.607310905096989e+18
2,pm_grid_v1,2026-07-31T01:26:21.834018+00:00,fetch_20260731T012621Z_815fb3e0,imdb_parallel_qos_grid_001_P4_7a87d3d77c54,imdb_parallel_qos_grid_001,P4_M4,imdb_parallel_grid_M4_P4_seed20260731_rep0_auto_v0,2607310923212616284,4,4,20260731,0,auto_v0,0,4300699173232547148,be10444e5d88b0f89ce9647e9acaac07871451e08c433155bdc34207539eb3de,1fc4621dfb9fe3648b221ca0214a201ea18097fe7257422752af448de41e7fcd,"[0, 1, 0, 3]",0.25,0.0205078125,"[61, 54]","[[61,54],[40,34],[75,68],[48,41]]",True,940,0.2294921875,0.21687141859996506,0.24261987581769145,"{'00': 940, '01': 730, '10': 1326, '11': 1100}",0.0,
2,pm_grid_v1,2026-07-31T01:26:21.834018+00:00,fetch_20260731T012621Z_815fb3e0,imdb_parallel_qos_grid_001_P4_7a87d3d77c54,imdb_parallel_qos_grid_001,P4_M4,imdb_parallel_grid_M4_P4_seed20260731_rep0_auto_v0,2607310923212616284,4,4,20260731,0,auto_v0,1,8372395983197385615,81b61ebe3dc134c913ddfad12081868e24a970caa24ac9c7be19368fd3d6f851,649420bf8a1912a26cddb51b971d91e42e6aec8f53fb7c336a21a5b7daf56aeb,"[0, 1, 1, 2]",0.25,-0.01953125,"[40, 34]","[[61,54],[40,34],[75,68],[48,41]]",True,1104,0.26953125,0.25616328304425506,0.28333110497945235,"{'00': 1104, '01': 876, '10': 632, '11': 1484}",0.0,
2,pm_grid_v1,2026-07-31T01:26:21.834018+00:00,fetch_20260731T012621Z_815fb3e0,imdb_parallel_qos_grid_001_P4_7a87d3d77c54,imdb_parallel_qos_grid_001,P4_M4,imdb_parallel_grid_M4_P4_seed20260731_rep0_auto_v0,2607310923212616284,4,4,20260731,0,auto_v0,2,16424703092065961670,55a2bec386c22f68f88c7a9fe8733d84800d55cc42f10f6d092b201f0ebf99ae,176b20ec71a19fe9f74e48ffab259053447d9be44d5be940fdbe6ef8f92482a5,"[1, 1, 1, 1]",1.0,0.37939453125,"[75, 68]","[[61,54],[40,34],[75,68],[48,41]]",True,2542,0.62060546875,0.6056389073645264,0.6353460209366267,"{'00': 2542, '01': 496, '10': 494, '11': 564}",0.0,
2,pm_grid_v1,2026-07-31T01:26:21.834018+00:00,fetch_20260731T012621Z_815fb3e0,imdb_parallel_qos_grid_001_P4_7a87d3d77c54,imdb_parallel_qos_grid_001,P4_M4,imdb_parallel_grid_M4_P4_seed20260731_rep0_auto_v0,2607310923212616284,4,4,20260731,0,auto_v0,3,17692520198164125698,b2b975945c692a9b31125dc7a6d13ec9783c9b531556efcda4a4745cef0055a5,6b2977f86445d25987d42521a721c94ad9e8b0f6bd00a27ba87053c176139dd5,"[2, 1, 1, 0]",0.25,-0.001953125,"[48, 41]","[[61,54],[40,34],[75,68],[48,41]]",True,1032,0.251953125,0.23889461297652467,0.2654764656591604,"{'00': 1032, '01': 859, '10': 925, '11': 1280}",0.0,
2,pm_grid_v1,2026-07-31T01:26:22.633645+00:00,fetch_20260731T012621Z_815fb3e0,imdb_parallel_qos_grid_001_P4_7a87d3d77c54,imdb_parallel_qos_grid_001,P4_M8,imdb_parallel_grid_M8_P4_seed20260731_rep0_auto_v0,2607310923216597251,4,8,20260731,0,auto_v0,0,4300699173232547148,d7cace55ef704cb2afef43b5c725e51701755d3fbd36908aeb6790885bce23e1,1fc4621dfb9fe3648b221ca0214a201ea18097fe7257422752af448de41e7fcd,"[2, 2, 1, 3]",0.25,0.0185546875,"[54, 61]","[[54,61],[34,40],[41,75],[48,68]]",False,948,0.2314453125,0.21878449311800902,0.24460939123165,"{'00': 948, '01': 1299, '10': 734, '11': 1115}",0.0,
2,pm_grid_v1,2026-07-31T01:26:22.633645+00:00,fetch_20260731T012621Z_815fb3e0,imdb_parallel_qos_grid_001_P4_7a87d3d77c54,imdb_parallel_qos_grid_001,P4_M8,imdb_parallel_grid_M8_P4_seed20260731_rep0_auto_v0,2607310923216597251,4,8,20260731,0,auto_v0,1,8372395983197385615,17be6dc00ceb89c131ef6a9a85c25d92e04086b293e644ee8aff6a491b81f2e3,649420bf8a1912a26cddb51b971d91e42e6aec8f53fb7c336a21a5b7daf56aeb,"[2, 1, 1, 4]",0.25,0.02490234375,"[34, 40]","[[54,61],[34,40],[41,75],[48,68]]",False,922,0.22509765625,0.21256843962651184,0.2381420274441391,"{'00': 922, '01': 904, '10': 873, '11': 1397}",0.0,
2,pm_grid_v1,2026-07-31T01:26:22.633645+00:00,fetch_20260731T012621Z_815fb3e0,imdb_parallel_qos_grid_001_P4_7a87d3d77c54,imdb_parallel_qos_grid_001,P4_M8,imdb_parallel_grid_M8_P4_seed20260731_rep0_auto_v0,2607310923216597251,4,8,20260731,0,auto_v0,2,16424703092065961670,1d0b8ea9c0d875d78871ac416b90880121f40a6839090027798b88c972fb13b1,176b20ec71a19fe9f74e48ffab259053447d9be44d5be940fdbe6ef8f92482a5,"[1, 2, 1, 4]",0.12499999999999997,-0.07080078125000003,"[41, 75]","[[54,61],[34,40],[41,75],[48,68]]",False,802,0.19580078125,0.18393589711019379,0.20823572098041995,"{'00': 802, '01': 1063, '10': 1023, '11': 1208}",0.0,
2,pm_grid_v1,2026-07-31T01:26:22.633645+00:00,fetch_20260731T012621Z_815fb3e0,imdb_parallel_qos_grid_001_P4_7a87d3d77c54,imdb_parallel_qos_grid_001,P4_M8,imdb_parallel_grid_M8_P4_seed20260731_rep0_auto_v0,2607310923216597251,4,8,20260731,0,auto_v0,3,17692520198164125698,c0c0a74974299d6730eadede699b305503ebac1b0607de202e359d73188c348b,6b2977f86445d25987d42521a721c94ad9e8b0f6bd00a27ba87053c176139dd5,"[3, 1, 1, 3]",0.12500000000000003,-0.08300781249999997,"[48, 68]","[[54,61],[34,40],[41,75],[48,68]]",False,852,0.2080078125,0.19585429364246335,0.22070851152316592,"{'00': 852, '01': 935, '10': 1096, '11': 1213}",0.0,
2,pm_grid_v1,2026-07-31T01:26:23.412480+00:00,fetch_20260731T012621Z_815fb3e0,imdb_parallel_qos_grid_001_P4_7a87d3d77c54,imdb_parallel_qos_grid_001,P4_M16,imdb_parallel_grid_M16_P4_seed20260731_rep0_auto_v0,2607310923220585463,4,16,20260731,0,auto_v0,0,4300699173232547148,98a0fbd7b303c26f433a5a438d80b9761eb83ab7b64dfd398483292ac093352c,1fc4621dfb9fe3648b221ca0214a201ea18097fe7257422752af448de41e7fcd,"[5, 5, 2, 4]",0.46338834764831843,0.21314420702331843,"[54, 61]","[[54,61],[41,34],[75,68],[40,48]]",False,1025,0.250244140625,0.23721722305566817,0.26373908938951474,"{'00': 1025, '01': 1260, '10': 746, '11': 1065}",0.0,
2,pm_grid_v1,2026-07-31T01:26:23.412480+00:00,fetch_20260731T012621Z_815fb3e0,imdb_parallel_qos_grid_001_P4_7a87d3d77c54,imdb_parallel_qos_grid_001,P4_M16,imdb_parallel_grid_M16_P4_seed20260731_rep0_auto_v0,2607310923220585463,4,16,20260731,0,auto_v0,1,8372395983197385615,1ff6bcff0d5b01a647054b7418b06857357ba8245127da98ef372a70f63219db,649420bf8a1912a26cddb51b971d91e42e6aec8f53fb7c336a21a5b7daf56aeb,"[5, 3, 1, 7]",0.03661165235168155,-0.12159147264831845,"[41, 34]","[[54,61],[41,34],[75,68],[40,48]]",False,648,0.158203125,0.147348210576197,0.169698551323369,"{'00': 648, '01': 1000, '10': 960, '11': 1488}",0.0,
2,pm_grid_v1,2026-07-31T01:26:23.412480+00:00,fetch_20260731T012621Z_815fb3e0,imdb_parallel_qos_grid_001_P4_7a87d3d77c54,imdb_parallel_qos_grid_001,P4_M16,imdb_parallel_grid_M16_P4_seed20260731_rep0_auto_v0,2607310923220585463,4,16,20260731,0,auto_v0,2,16424703092065961670,37989ddffbc769b2754b3bcbcfead2f59ed32950a41a5608d1d68ec2d0a0f566,176b20ec71a19fe9f74e48ffab259053447d9be44d5be940fdbe6ef8f92482a5,"[4, 3, 4, 5]",0.7285533905932737,0.5088268280932737,"[75, 68]","[[54,61],[41,34],[75,68],[40,48]]",False,900,0.2197265625,0.20731199831159283,0.2326663464460513,"{'00': 900, '01': 776, '10': 1275, '11': 1145}",0.0,
2,pm_grid_v1,2026-07-31T01:26:23.412480+00:00,fetch_20260731T012621Z_815fb3e0,imdb_parallel_qos_grid_001_P4_7a87d3d77c54,imdb_parallel_qos_grid_001,P4_M16,imdb_parallel_grid_M16_P4_seed20260731_rep0_auto_v0,2607310923220585463,4,16,20260731,0,auto_v0,3,17692520198164125698,c0006cb5fb7f43cf09a6d962d3d678609e0e3a79d4f133a04b47416a6ce61068,6b2977f86445d25987d42521a721c94ad9e8b0f6bd00a27ba87053c176139dd5,"[5, 1, 3, 7]",0.03661165235168156,-0.16504850389831843,"[40, 48]","[[54,61],[41,34],[75,68],[40,48]]",False,826,0.20166015625,0.1896545296620014,0.2142248582246198,"{'00': 826, '01': 1012, '10': 1032, '11': 1226}",0.0,
2,pm_grid_v1,2026-07-31T01:26:24.034719+00:00,fetch_20260731T012621Z_815fb3e0,imdb_parallel_qos_grid_001_P4_7a87d3d77c54,imdb_parallel_qos_grid_001,P4_M32,imdb_parallel_grid_M32_P4_seed20260731_rep0_auto_v0,2607310923226140529,4,32,20260731,0,auto_v0,0,4300699173232547148,c65335889ba5d97f8fc4c4e4c3585f0f72d96f85c8ae5a5af1cc6d9e1745751c,1fc4621dfb9fe3648b221ca0214a201ea18097fe7257422752af448de41e7fcd,"[7, 9, 7, 9]",0.8982315199883696,0.6865615981133696,"[61, 54]","[[61,54],[75,68],[41,48],[40,34]]",True,867,0.211669921875,0.19943318500163956,0.22444697628649432,"{'00': 867, '01': 596, '10': 1414, '11': 1219}",0.0,
2,pm_grid_v1,2026-07-31T01:26:24.034719+00:00,fetch_20260731T012621Z_815fb3e0,imdb_parallel_qos_grid_001_P4_7a87d3d77c54,imdb_parallel_qos_grid_001,P4_M32,imdb_parallel_grid_M32_P4_seed20260731_rep0_auto_v0,2607310923226140529,4,32,20260731,0,auto_v0,1,8372395983197385615,23aa449b758369b7e69223f2ad0b4cf83ce0b105fc2a82bc8260153666ce70d3,649420bf8a1912a26cddb51b971d91e42e6aec8f53fb7c336a21a5b7daf56aeb,"[10, 11, 2, 9]",0.18235048748172544,-0.003928809393274557,"[75, 68]","[[61,54],[75,68],[41,48],[40,34]]",True,763,0.186279296875,0.1746521385533564,0.19849435361874526,"{'00': 763, '01': 895, '10': 1123, '11': 1315}",0.0,
2,pm_grid_v1,2026-07-31T01:26:24.034719+00:00,fetch_20260731T012621Z_815fb3e0,imdb_parallel_qos_grid_001_P4_7a87d3d77c54,imdb_parallel_qos_grid_001,P4_M32,imdb_parallel_grid_M32_P4_seed20260731_rep0_auto_v0,2607310923226140529,4,32,20260731,0,auto_v0,2,16424703092065961670,274100350b3cbca7eb43fa8a61ff89bfa216094ac492a850f72f5ec237205598,176b20ec71a19fe9f74e48ffab259053447d9be44d5be940fdbe6ef8f92482a5,"[7, 7, 9, 9]",0.8982315199883696,0.6885147231133696,"[41, 48]","[[61,54],[75,68],[41,48],[40,34]]",True,859,0.209716796875,0.19752425404698398,0.2224533173091474,"{'00': 859, '01': 1117, '10': 829, '11': 1291}",0.0,
2,pm_grid_v1,2026-07-31T01:26:24.034719+00:00,fetch_20260731T012621Z_815fb3e0,imdb_parallel_qos_grid_001_P4_7a87d3d77c54,imdb_parallel_qos_grid_001,P4_M32,imdb_parallel_grid_M32_P4_seed20260731_rep0_auto_v0,2607310923226140529,4,32,20260731,0,auto_v0,3,17692520198164125698,80d2e7beab77711d5c381d1a37606b75d7e7e192e7fd162ff2a8bcc88f8cfd3b,6b2977f86445d25987d42521a721c94ad9e8b0f6bd00a27ba87053c176139dd5,"[12, 2, 7, 11]",0.16161165235168165,-0.03052701952331835,"[40, 34]","[[61,54],[75,68],[41,48],[40,34]]",True,787,0.192138671875,0.18036387453831815,0.20449038742979092,"{'00': 787, '01': 952, '10': 1031, '11': 1326}",0.0,
2,pm_grid_v1,2026-07-31T01:26:24.765185+00:00,fetch_20260731T012621Z_815fb3e0,imdb_parallel_qos_grid_001_P4_7a87d3d77c54,imdb_parallel_qos_grid_001,P4_M64,imdb_parallel_grid_M64_P4_seed20260731_rep0_auto_v0,2607310923233394632,4,64,20260731,0,auto_v0,0,4300699173232547148,12f9eec3f55190e66bd97add0f248b363aa88c8cab25b5ec9117885c0d457a76,1fc4621dfb9fe3648b221ca0214a201ea18097fe7257422752af448de41e7fcd,"[17, 18, 14, 15]",0.9184882524147662,0.7239081742897662,"[48, 41]","[[48,41],[40,34],[61,54],[68,75]]",True,797,0.194580078125,0.18274503900506167,0.20698746037805055,"{'00': 797, '01': 823, '10': 1170, '11': 1306}",0.0,
2,pm_grid_v1,2026-07-31T01:26:24.765185+00:00,fetch_20260731T012621Z_815fb3e0,imdb_parallel_qos_grid_001_P4_7a87d3d77c54,imdb_parallel_qos_grid_001,P4_M64,imdb_parallel_grid_M64_P4_seed20260731_rep0_auto_v0,2607310923233394632,4,64,20260731,0,auto_v0,1,8372395983197385615,c60a0d3d3cc28fc7db6bbc8a77695eabb5da015ef28fc8e2b055d1178d74e4ab,649420bf8a1912a26cddb51b971d91e42e6aec8f53fb7c336a21a5b7daf56aeb,"[18, 15, 14, 17]",0.9526980648168515,0.7637332210668515,"[40, 34]","[[48,41],[40,34],[61,54],[68,75]]",True,774,0.18896484375,0.17726947546680413,0.20124307786180093,"{'00': 774, '01': 906, '10': 978, '11': 1438}",0.0,
2,pm_grid_v1,2026-07-31T01:26:24.765185+00:00,fetch_20260731T012621Z_815fb3e0,imdb_parallel_qos_grid_001_P4_7a87d3d77c54,imdb_parallel_qos_grid_001,P4_M64,imdb_parallel_grid_M64_P4_seed20260731_rep0_auto_v0,2607310923233394632,4,64,20260731,0,auto_v0,2,16424703092065961670,9ffb4e8286c4cc711434876ddd5dccd4363d9e447d3d5118b821783472a106fc,176b20ec71a19fe9f74e48ffab259053447d9be44d5be940fdbe6ef8f92482a5,"[13, 16, 16, 19]",0.9368011046134544,0.7092620421134544,"[61, 54]","[[48,41],[40,34],[61,54],[68,75]]",True,932,0.2275390625,0.2149587360897434,0.24062996839591064,"{'00': 932, '01': 611, '10': 1430, '11': 1123}",0.0,
2,pm_grid_v1,2026-07-31T01:26:24.765185+00:00,fetch_20260731T012621Z_815fb3e0,imdb_parallel_qos_grid_001_P4_7a87d3d77c54,imdb_parallel_qos_grid_001,P4_M64,imdb_parallel_grid_M64_P4_seed20260731_rep0_auto_v0,2607310923233394632,4,64,20260731,0,auto_v0,3,17692520198164125698,4517337b47fea658dce77793ed294beda9213c98c8e52fe3af517b31e2dcaa60,6b2977f86445d25987d42521a721c94ad9e8b0f6bd00a27ba87053c176139dd5,"[21, 9, 14, 20]",0.5260950085098817,0.34030399288488167,"[68, 75]","[[48,41],[40,34],[61,54],[68,75]]",True,761,0.185791015625,0.17417635895507005,0.197994485734031,"{'00': 761, '01': 989, '10': 1042, '11': 1304}",0.0,
2,pm_grid_v1,2026-07-31T01:26:25.471532+00:00,fetch_20260731T012621Z_815fb3e0,imdb_parallel_qos_grid_001_P4_7a87d3d77c54,imdb_parallel_qos_grid_001,P4_M96,imdb_parallel_grid_M96_P4_seed20260731_rep0_auto_v0,2607310923243167480,4,96,20260731,0,auto_v0,0,4300699173232547148,1fc4621dfb9fe3648b221ca0214a201ea18097fe7257422752af448de41e7fcd,1fc4621dfb9fe3648b221ca0214a201ea18097fe7257422752af448de41e7fcd,"[23, 27, 20, 26]",0.8828929792692342,0.6626781355192342,"[61, 54]","[[61,54],[75,68],[41,48],[40,34]]",True,902,0.22021484375,0.20778972951893793,0.23316426272170682,"{'00': 902, '01': 563, '10': 1426, '11': 1205}",0.0,
2,pm_grid_v1,2026-07-31T01:26:25.471532+00:00,fetch_20260731T012621Z_815fb3e0,imdb_parallel_qos_grid_001_P4_7a87d3d77c54,imdb_parallel_qos_grid_001,P4_M96,imdb_parallel_grid_M96_P4_seed20260731_rep0_auto_v0,2607310923243167480,4,96,20260731,0,auto_v0,1,8372395983197385615,649420bf8a1912a26cddb51b971d91e42e6aec8f53fb7c336a21a5b7daf56aeb,649420bf8a1912a26cddb51b971d91e42e6aec8f53fb7c336a21a5b7daf56aeb,"[26, 23, 25, 22]",0.978758221151357,0.806150799276357,"[75, 68]","[[61,54],[75,68],[41,48],[40,34]]",True,707,0.172607421875,0.1613423324521136,0.1844860301959707,"{'00': 707, '01': 926, '10': 1097, '11': 1366}",0.0,
2,pm_grid_v1,2026-07-31T01:26:25.471532+00:00,fetch_20260731T012621Z_815fb3e0,imdb_parallel_qos_grid_001_P4_7a87d3d77c54,imdb_parallel_qos_grid_001,P4_M96,imdb_parallel_grid_M96_P4_seed20260731_rep0_auto_v0,2607310923243167480,4,96,20260731,0,auto_v0,2,16424703092065961670,176b20ec71a19fe9f74e48ffab259053447d9be44d5be940fdbe6ef8f92482a5,176b20ec71a19fe9f74e48ffab259053447d9be44d5be940fdbe6ef8f92482a5,"[23, 23, 23, 27]",0.9548525078534733,0.7837099297284733,"[41, 48]","[[61,54],[75,68],[41,48],[40,34]]",True,701,0.171142578125,0.15991780888561646,0.18298361131346597,"{'00': 701, '01': 1153, '10': 850, '11': 1392}",0.0,
2,pm_grid_v1,2026-07-31T01:26:25.471532+00:00,fetch_20260731T012621Z_815fb3e0,imdb_parallel_qos_grid_001_P4_7a87d3d77c54,imdb_parallel_qos_grid_001,P4_M96,imdb_parallel_grid_M96_P4_seed20260731_rep0_auto_v0,2607310923243167480,4,96,20260731,0,auto_v0,3,17692520198164125698,6b2977f86445d25987d42521a721c94ad9e8b0f6bd00a27ba87053c176139dd5,6b2977f86445d25987d42521a721c94ad9e8b0f6bd00a27ba87053c176139dd5,"[30, 16, 23, 27]",0.7525796773622886,0.5833902242372886,"[40, 34]","[[61,54],[75,68],[41,48],[40,34]]",True,693,0.169189453125,0.15801892181955537,0.18097990844752457,"{'00': 693, '01': 889, '10': 996, '11': 1518}",0.0,
2,pm_grid_v1,2026-07-31T01:31:17.822499+00:00,fetch_20260731T013117Z_0d78db47,imdb_parallel_qos_grid_001_P4_7a87d3d77c54,imdb_parallel_qos_grid_001,P4_M8,imdb_parallel_grid_M8_P4_seed20260731_rep0_auto_v0,2607310928436019879,4,8,20260731,0,auto_v0,0,4300699173232547148,d7cace55ef704cb2afef43b5c725e51701755d3fbd36908aeb6790885bce23e1,1fc4621dfb9fe3648b221ca0214a201ea18097fe7257422752af448de41e7fcd,"[2, 2, 1, 3]",0.25,0.056396484375,"[75, 68]","[[75,68],[54,48],[41,61],[34,40]]",False,793,0.193603515625,0.18179248456013095,0.20598871985698,"{'00': 793, '01': 699, '10': 1572, '11': 1032}",1.0,2.6073109232165975e+18
2,pm_grid_v1,2026-07-31T01:31:17.822499+00:00,fetch_20260731T013117Z_0d78db47,imdb_parallel_qos_grid_001_P4_7a87d3d77c54,imdb_parallel_qos_grid_001,P4_M8,imdb_parallel_grid_M8_P4_seed20260731_rep0_auto_v0,2607310928436019879,4,8,20260731,0,auto_v0,1,8372395983197385615,17be6dc00ceb89c131ef6a9a85c25d92e04086b293e644ee8aff6a491b81f2e3,649420bf8a1912a26cddb51b971d91e42e6aec8f53fb7c336a21a5b7daf56aeb,"[2, 1, 1, 4]",0.25,0.06689453125,"[54, 48]","[[75,68],[54,48],[41,61],[34,40]]",False,750,0.18310546875,0.17156012698917317,0.19524465654342443,"{'00': 750, '01': 1016, '10': 1040, '11': 1290}",1.0,2.6073109232165975e+18
2,pm_grid_v1,2026-07-31T01:31:17.822499+00:00,fetch_20260731T013117Z_0d78db47,imdb_parallel_qos_grid_001_P4_7a87d3d77c54,imdb_parallel_qos_grid_001,P4_M8,imdb_parallel_grid_M8_P4_seed20260731_rep0_auto_v0,2607310928436019879,4,8,20260731,0,auto_v0,2,16424703092065961670,1d0b8ea9c0d875d78871ac416b90880121f40a6839090027798b88c972fb13b1,176b20ec71a19fe9f74e48ffab259053447d9be44d5be940fdbe6ef8f92482a5,"[1, 2, 1, 4]",0.12499999999999997,-0.09252929687500003,"[41, 61]","[[75,68],[54,48],[41,61],[34,40]]",False,891,0.217529296875,0.2051625263183712,0.23042540476577014,"{'00': 891, '01': 1234, '10': 883, '11': 1088}",1.0,2.6073109232165975e+18
2,pm_grid_v1,2026-07-31T01:31:17.822499+00:00,fetch_20260731T013117Z_0d78db47,imdb_parallel_qos_grid_001_P4_7a87d3d77c54,imdb_parallel_qos_grid_001,P4_M8,imdb_parallel_grid_M8_P4_seed20260731_rep0_auto_v0,2607310928436019879,4,8,20260731,0,auto_v0,3,17692520198164125698,c0c0a74974299d6730eadede699b305503ebac1b0607de202e359d73188c348b,6b2977f86445d25987d42521a721c94ad9e8b0f6bd00a27ba87053c176139dd5,"[3, 1, 1, 3]",0.12500000000000003,-0.04174804687499997,"[34, 40]","[[75,68],[54,48],[41,61],[34,40]]",False,683,0.166748046875,0.15564609129044296,0.17847450156163389,"{'00': 683, '01': 754, '10': 1122, '11': 1537}",1.0,2.6073109232165975e+18
2,pm_grid_v1,2026-07-31T01:31:18.476138+00:00,fetch_20260731T013117Z_0d78db47,imdb_parallel_qos_grid_001_P4_7a87d3d77c54,imdb_parallel_qos_grid_001,P4_M16,imdb_parallel_grid_M16_P4_seed20260731_rep0_auto_v0,2607310928440242110,4,16,20260731,0,auto_v0,0,4300699173232547148,98a0fbd7b303c26f433a5a438d80b9761eb83ab7b64dfd398483292ac093352c,1fc4621dfb9fe3648b221ca0214a201ea18097fe7257422752af448de41e7fcd,"[5, 5, 2, 4]",0.46338834764831843,0.26929655077331843,"[48, 68]","[[48,68],[54,61],[75,41],[40,34]]",False,795,0.194091796875,0.1822687470627251,0.20648810483738644,"{'00': 795, '01': 898, '10': 1104, '11': 1299}",1.0,2.6073109232205855e+18
2,pm_grid_v1,2026-07-31T01:31:18.476138+00:00,fetch_20260731T013117Z_0d78db47,imdb_parallel_qos_grid_001_P4_7a87d3d77c54,imdb_parallel_qos_grid_001,P4_M16,imdb_parallel_grid_M16_P4_seed20260731_rep0_auto_v0,2607310928440242110,4,16,20260731,0,auto_v0,1,8372395983197385615,1ff6bcff0d5b01a647054b7418b06857357ba8245127da98ef372a70f63219db,649420bf8a1912a26cddb51b971d91e42e6aec8f53fb7c336a21a5b7daf56aeb,"[5, 3, 1, 7]",0.03661165235168155,-0.19605436327331843,"[54, 61]","[[48,68],[54,61],[75,41],[40,34]]",False,953,0.232666015625,0.21998036221287645,0.24585264084428407,"{'00': 953, '01': 1228, '10': 747, '11': 1168}",1.0,2.6073109232205855e+18
2,pm_grid_v1,2026-07-31T01:31:18.476138+00:00,fetch_20260731T013117Z_0d78db47,imdb_parallel_qos_grid_001_P4_7a87d3d77c54,imdb_parallel_qos_grid_001,P4_M16,imdb_parallel_grid_M16_P4_seed20260731_rep0_auto_v0,2607310928440242110,4,16,20260731,0,auto_v0,2,16424703092065961670,37989ddffbc769b2754b3bcbcfead2f59ed32950a41a5608d1d68ec2d0a0f566,176b20ec71a19fe9f74e48ffab259053447d9be44d5be940fdbe6ef8f92482a5,"[4, 3, 4, 5]",0.7285533905932737,0.5405651093432737,"[75, 41]","[[48,68],[54,61],[75,41],[40,34]]",False,770,0.18798828125,0.17631760955264164,0.2002436488099622,"{'00': 770, '01': 878, '10': 1120, '11': 1328}",1.0,2.6073109232205855e+18
2,pm_grid_v1,2026-07-31T01:31:18.476138+00:00,fetch_20260731T013117Z_0d78db47,imdb_parallel_qos_grid_001_P4_7a87d3d77c54,imdb_parallel_qos_grid_001,P4_M16,imdb_parallel_grid_M16_P4_seed20260731_rep0_auto_v0,2607310928440242110,4,16,20260731,0,auto_v0,3,17692520198164125698,c0006cb5fb7f43cf09a6d962d3d678609e0e3a79d4f133a04b47416a6ce61068,6b2977f86445d25987d42521a721c94ad9e8b0f6bd00a27ba87053c176139dd5,"[5, 1, 3, 7]",0.03661165235168156,-0.18531217577331843,"[40, 34]","[[48,68],[54,61],[75,41],[40,34]]",False,909,0.221923828125,0.2094619899404582,0.23490676849068873,"{'00': 909, '01': 938, '10': 930, '11': 1319}",1.0,2.6073109232205855e+18
