M_fetched,M_used,stream_id,success_probability,conditional_fidelity
8,6,0,0.05656444469910209,0.305288706191536
8,6,1,0.06631401351523716,0.2777334867943942
8,6,2,0.12250500159251393,0.657253155863057
8,6,3,0.03014682641632126,0.0950956308557311
8,6,4,0.05500611853168851,0.642420510768822
8,6,5,0.07491737653507434,0.21674308103132456
8,6,6,0.2360125397155101,0.26316776360284244
8,6,7,0.056953593839107086,0.3778061753101123
8,6,8,0.057335412232918326,0.25445023117180926
8,6,9,0.0602931632784879,0.5582581417807536
8,6,10,0.18857162406266137,0.17872480795512952
8,6,11,0.08858437656090591,0.6936950161621519
8,6,12,0.00910246920301651,0.015082178957769301
8,6,13,0.06976652072555298,0.24916112394354478
8,6,14,0.08983343473768131,0.7614733136037927
8,6,15,0.04896527730705004,0.4383713587170091
8,6,16,0.009954439125370333,0.04933662198935819
8,6,17,0.05956042620108352,0.3360471426023954
8,6,18,0.1159457260998723,0.5506615134764652
8,6,19,0.13710530147173733,0.5788356964312295
8,6,20,0.06785809623673773,0.1974083154921203
8,6,21,0.1080596030022641,0.5312821054479684
8,6,22,0.027113549254513675,0.166565237646751
8,6,23,0.04554600120386055,0.36729446442730046
8,6,24,0.09035050351139878,0.7560211091662727
8,6,25,0.22397558850826757,0.29443308386191996
8,6,26,0.013155318869516985,0.01900695483095146
8,6,27,0.10064977582360701,0.6293707378867708
8,6,28,0.028085768132819783,0.7228746221411948
8,6,29,0.026081143209504498,0.1748587551243037
8,6,30,0.10064977582360701,0.6293707378867708
8,6,31,0.16635642664807904,0.26504019735914497
8,6,32,0.13345922750621822,0.2831962696622408
8,6,33,0.09235891229862685,0.6759293138338767
8,6,34,0.16635642664807904,0.26504019735914497
8,6,35,0.10029495558234552,0.6964997839269068
8,6,36,0.009960078885478623,2.018574618559131e-06
8,6,37,0.05705518187178735,0.3765185865662985
8,6,38,0.04934837402121606,0.4414694741654806
8,6,39,0.13840002784191993,0.14772011019310446
16,12,0,0.1664795312744488,0.42801140234681506
16,12,1,0.019060835603818167,0.6953311870152735
16,12,2,0.029956085812800393,0.6055959761423885
16,12,3,0.0715789539591365,0.5739765305937635
16,12,4,0.06788678374661601,0.6470569400177663
16,12,5,0.22993831046055885,0.31490090125125897
16,12,6,0.07553978328175155,0.5043129261902919
16,12,7,0.075983759342315,0.5084747568169083
16,12,8,0.04298545544403049,0.9777413398792169
16,12,9,0.11828564859677053,0.6243762712196138
16,12,10,0.0744467886193386,0.2475534329184596
16,12,11,0.08044581523730347,0.5376338546365166
16,12,12,0.021842836800185755,0.1628373580145106
16,12,13,0.06208812995025837,0.6076359390859724
16,12,14,0.10286113464070092,0.6580212722132516
16,12,15,0.044707499888274486,0.986896528357999
16,12,16,0.01790220067876352,0.23529176819136904
16,12,17,0.03521231377736395,0.9802844716026495
16,12,18,0.08982652463347242,0.8640743373215815
16,12,19,0.15319323932618725,0.2852139555617448
16,12,20,0.10380430049272671,0.39914658520980284
16,12,21,0.062288156301196426,0.664417484704339
16,12,22,0.09214251086309107,0.8474402979809156
16,12,23,0.07445564273743234,0.5750350915221839
16,12,24,0.027294854262692316,0.6738441963664881
16,12,25,0.09533237317198824,0.5828396206018636
16,12,26,0.03557696088938605,0.5784645677437986
16,12,27,0.10298817841813347,0.6876170351703801
16,12,28,0.09241885946945809,0.8441515495035583
16,12,29,0.030837127786918942,0.6148953553052834
16,12,30,0.07079863503160297,0.8152346021114087
16,12,31,0.19943285400002372,0.23805350268058237
16,12,32,0.089748345812622,0.8442028156940997
16,12,33,0.050267573475110044,0.5815342043138768
16,12,34,0.01831280576042497,0.20647632059941756
16,12,35,0.23687343369978822,0.29177355111752695
16,12,36,0.08505932441301142,0.5122773075262401
16,12,37,0.08831516882717373,0.5099212435923695
16,12,38,0.06981484238122809,0.6142316887992495
16,12,39,0.1617449351913127,0.47557328262439996
32,24,0,0.049500955436679095,0.6155883252251345
32,24,1,0.06000986961320617,0.9345008100005839
32,24,2,0.1112541600732766,0.5473966661481807
32,24,3,0.03513683273242138,0.8556665723008552
32,24,4,0.10057441712174549,0.39770037060068375
32,24,5,0.044648205017923576,0.9982215105702741
32,24,6,0.07587307195178124,0.7905483850181724
32,24,7,0.05249199115315043,0.8566525479078222
32,24,8,0.04312926474475713,0.6977245909049732
32,24,9,0.07720032065458023,0.9531623761337724
32,24,10,0.07007997928099677,0.8310735672723608
32,24,11,0.03363105319473668,0.8942774363482985
32,24,12,0.08057383593932069,0.7460783524658555
32,24,13,0.03965402052588981,0.7470931990100128
32,24,14,0.07238359634547718,0.821361692426856
32,24,15,0.02166674989168789,0.41594730617781883
32,24,16,0.035163746565327156,0.8977225831201585
32,24,17,0.06263045068763788,0.9573716412901121
32,24,18,0.07111664598940996,0.8484836124579983
32,24,19,0.058596912383738944,0.49707840664374386
32,24,20,0.06411313420542246,0.2429532776232105
32,24,21,0.07232771339088312,0.5633091096528884
32,24,22,0.05205881870198882,0.8185053376038707
32,24,23,0.07296861311207424,0.6321744099867769
32,24,24,0.044405721655751795,0.6366974486549937
32,24,25,0.022668585888688222,0.8504401209409354
32,24,26,0.05427256686393535,0.8311346210498947
32,24,27,0.041417319992085956,0.722518515490266
32,24,28,0.0471314207586971,0.6126826516063284
32,24,29,0.05251022769842869,0.8395030921473967
32,24,30,0.043917167935047075,0.6905994649201668
32,24,31,0.023725528902993096,0.8101400287267687
32,24,32,0.036015271403894905,0.5387677653587462
32,24,33,0.0757448031988253,0.7570610615409678
32,24,34,0.06379176262086869,0.9298957276528992
32,24,35,0.07637185630498179,0.7043315021814905
32,24,36,0.06864649861987504,0.7724944335996027
32,24,37,0.0987141788224956,0.5998898442212357
32,24,38,0.050302191537979386,0.8246396001338749
32,24,39,0.06404098922103692,0.9388330569358446
64,48,0,0.045904039215054634,0.9609148529799517
64,48,1,0.06104246811653684,0.8265188992800412
64,48,2,0.056414875289940436,0.6423051170085524
64,48,3,0.07073178648554183,0.6402810164847058
64,48,4,0.057632895445224694,0.8391796706919291
64,48,5,0.05051030234889918,0.881887819989492
64,48,6,0.02798623799799921,0.8691246098493959
64,48,7,0.04450251222958795,0.9549849929966124
64,48,8,0.057555459825349736,0.8917667147937542
64,48,9,0.06102495325623055,0.7164158430237908
64,48,10,0.07353270120040808,0.775400302363723
64,48,11,0.052357511609797174,0.8479751978519618
64,48,12,0.04627760900082396,0.9332137875545947
64,48,13,0.10651066649075487,0.5470183659201876
64,48,14,0.06538596940891474,0.9252897885037463
64,48,15,0.0546234272701644,0.9472616973995163
64,48,16,0.031123497190189284,0.9762201553234509
64,48,17,0.07572339846137181,0.8017702040308335
64,48,18,0.06343539549748181,0.8561161405057046
64,48,19,0.04114947402780309,0.883290364663412
64,48,20,0.06575492388073237,0.863561467474552
64,48,21,0.026131831715327725,0.8436871368250264
64,48,22,0.05385220272250939,0.8279144936517611
64,48,23,0.04745275061538767,0.7980017686173464
64,48,24,0.05210611045457485,0.8523628838350862
64,48,25,0.03938332164347158,0.976914331688888
64,48,26,0.0674762233525032,0.7487442777874348
64,48,27,0.076892249904468,0.7914369024853413
64,48,28,0.04157550524648869,0.9130033664940699
64,48,29,0.02668933463656844,0.9134245899329413
64,48,30,0.047446677226183974,0.9515318518590604
64,48,31,0.04599976936559846,0.9484391759418899
64,48,32,0.02055846236142605,0.6825683920789586
64,48,33,0.046296492755010195,0.9558562533879292
64,48,34,0.05212590244641077,0.6863845129020623
64,48,35,0.08120400991317597,0.692394245366903
64,48,36,0.0623295745681156,0.6947387192066403
64,48,37,0.05264008516292846,0.9853681648481277
64,48,38,0.0414718148017771,0.8841091151067453
64,48,39,0.06283072192350164,0.6898481649476769
128,96,0,0.04121569566030775,0.9750842980557065
128,96,1,0.05709800013322601,0.9898127648245354
128,96,2,0.08996945290085512,0.6182539855121387
128,96,3,0.043961723412686594,0.9333107135587839
128,96,4,0.05544229743945258,0.9482524649534562
128,96,5,0.044389942242445524,0.8515031726084212
128,96,6,0.04942213140041506,0.9733476594686481
128,96,7,0.037198439790567646,0.9619940692266381
128,96,8,0.035290710095739086,0.9375899050870286
128,96,9,0.04917838887647276,0.9953711301186392
128,96,10,0.03762092307926732,0.7388789971246182
128,96,11,0.04867918543349702,0.9787405134933194
128,96,12,0.04748260112077032,0.9565636942952856
128,96,13,0.04792515254025664,0.9498582404135631
128,96,14,0.04475351394563672,0.9778701259670937
128,96,15,0.046010687009536505,0.9626521687089983
128,96,16,0.030430725214475898,0.7986786164324159
128,96,17,0.02798560058833119,0.8841938729479568
128,96,18,0.048354734094040765,0.9172914521277897
128,96,19,0.054878223973107515,0.9039917736809545
128,96,20,0.03474727912950286,0.9793064463352668
128,96,21,0.03714194059622092,0.8260380429917553
128,96,22,0.05894218056408237,0.9216409589765849
128,96,23,0.05279400403275978,0.5873199485070213
128,96,24,0.04708489175269743,0.8793048513975842
128,96,25,0.042368213355714425,0.9538644656615856
128,96,26,0.030399690469055,0.9863694248145248
128,96,27,0.03602287508714745,0.978580062262406
128,96,28,0.04157564143345314,0.6958659010093696
128,96,29,0.04952236522334727,0.795183190239139
128,96,30,0.0555032595243037,0.9524437089132044
128,96,31,0.04092938700501185,0.9253653077140412
128,96,32,0.04188206281075391,0.8688273182927532
128,96,33,0.055626047427174266,0.9103808801707524
128,96,34,0.04008081495072864,0.849014899380795
128,96,35,0.05130486096799412,0.9304064443295393
128,96,36,0.0608203148329156,0.7722056082855899
128,96,37,0.04167562164979403,0.8909377427447097
128,96,38,0.05420642701893751,0.9790918790366143
128,96,39,0.049709082299537063,0.8324604868688977
256,192,0,0.04156494784326881,0.8992956754612457
256,192,1,0.04904162498384011,0.9817349774359587
256,192,2,0.05894472018434086,0.9830183744797523
256,192,3,0.04204405813064576,0.8689349787720205
256,192,4,0.054929144265054984,0.8997103106348412
256,192,5,0.037558899323459675,0.9934034202432274
256,192,6,0.04753055818505595,0.9844953123612653
256,192,7,0.047339902209864566,0.9519670961362314
256,192,8,0.05171189586996641,0.9802403011756827
256,192,9,0.040796880762103666,0.9709304737712233
256,192,10,0.0468170388486854,0.9655429235139439
256,192,11,0.05456896436375124,0.9070313760068108
256,192,12,0.04623503148075732,0.9484466687378931
256,192,13,0.04803644974167306,0.9848845942831979
256,192,14,0.05535818473249042,0.930278581849526
256,192,15,0.04200221191242781,0.995921322564672
256,192,16,0.06475352440554909,0.9302442894156009
256,192,17,0.05652261859571119,0.9229661366899582
256,192,18,0.05181039325146125,0.8702242412903827
256,192,19,0.05404763754895393,0.8315053414753582
256,192,20,0.035084341468671544,0.9945184783916581
256,192,21,0.03505508421816251,0.9250647084619821
256,192,22,0.04144907832534366,0.99262176439462
256,192,23,0.04784096704053927,0.9647485553544769
256,192,24,0.04631163985501913,0.9538699882600297
256,192,25,0.0592676610945416,0.9544524709683024
256,192,26,0.039786164854921945,0.9620974823460781
256,192,27,0.042520381127749,0.9778344905691606
256,192,28,0.04345776337764217,0.9876899234769262
256,192,29,0.04241089837506834,0.9103499301169599
256,192,30,0.049816663782576806,0.9813384707064832
256,192,31,0.05164965366870312,0.9562072807203409
256,192,32,0.05596208202909565,0.9389775736296868
256,192,33,0.044613247246231336,0.9566989187204131
256,192,34,0.04569490978823312,0.9512950039570047
256,192,35,0.04067377583857084,0.9441764214578343
256,192,36,0.05871382160194905,0.7935624492850355
256,192,37,0.04144123077746256,0.9393984264054758
256,192,38,0.05568151368453105,0.9146859346017593
256,192,39,0.04732753229683078,0.9863975444839332
