schema_version,experiment_id,family,stage,run_label,qasm_path,qasm_sha256,shots,n_total_qubits,n_total_clbits,logical_depth,compiled_depth,compiled_cx,compiled_u,backend_compilation_pending,ideal_expected_bitstring,ideal_conditional_fidelity,ideal_success_probability,shadow_setting,clifford_seed,shadow_ensemble,shadow_sampling,dense_resynthesis_boundary
1,tiny_cal_4q_x_q0,calibration,calibration,tiny_cal_4q_x_q0,results/tiny_ridge_qsvt_shadows/qasm/tiny_cal_4q_x_q0.qasm,4a464cb2437de869a5b46f7e209209497e48389f27b601d26ae163c365b4dcdd,2048,4,4,2,2,0,1,True,0001,,,,,,,
1,tiny_cal_4q_x_q1,calibration,calibration,tiny_cal_4q_x_q1,results/tiny_ridge_qsvt_shadows/qasm/tiny_cal_4q_x_q1.qasm,4935c2a975be9b13cb0ddec7d327bca066ef896e3ad245e41aef39d76354c5b8,2048,4,4,2,2,0,1,True,0010,,,,,,,
1,tiny_cal_4q_x_q2,calibration,calibration,tiny_cal_4q_x_q2,results/tiny_ridge_qsvt_shadows/qasm/tiny_cal_4q_x_q2.qasm,b04f2bf9184e8cd31f73c2bb0c5c41e399a3c59d8a636e47d9d971704894cc74,2048,4,4,2,2,0,1,True,0100,,,,,,,
1,tiny_cal_4q_x_q3,calibration,calibration,tiny_cal_4q_x_q3,results/tiny_ridge_qsvt_shadows/qasm/tiny_cal_4q_x_q3.qasm,c796c8ed1c32177fc7ed004c85429eecce0c97f0930137fe4df5c3c7b0227a52,2048,4,4,2,2,0,1,True,1000,,,,,,,
1,tiny_ridge_direct_control,ridge_control,ridge,tiny_ridge_direct_control,results/tiny_ridge_qsvt_shadows/qasm/tiny_ridge_direct_control.qasm,76c5f1c8df689c5d2bae16f8fd597aa8d5139e64c47ddd8adc888389ae3bdccf,2048,4,4,3,3,0,2,True,0000,1.0,,,,,,
1,tiny_ridge_qsvt_prepare,tiny_ridge_qsvt,ridge,tiny_ridge_qsvt_prepare,results/tiny_ridge_qsvt_shadows/qasm/tiny_ridge_qsvt_prepare.qasm,2c573b9439caa9a42bc4d81fcfa46aedca656c47113de0e09548ad0afdfaba5d,2048,4,4,32,32,18,29,True,,,0.10456928040049661,,,,,
1,tiny_ridge_qsvt_verify,tiny_ridge_qsvt,ridge,tiny_ridge_qsvt_verify,results/tiny_ridge_qsvt_shadows/qasm/tiny_ridge_qsvt_verify.qasm,e49be28da090b5c0f23396ce1ef647d022d7ef1dfd1f66615f10a8761fec8557,2048,4,4,33,32,18,29,True,,0.9999999999999998,0.10456928040049661,,,,,
1,tiny_shadow_control_s00,interferometric_shadow_control,shadow_control,tiny_shadow_control_s00,results/tiny_ridge_qsvt_shadows/qasm/tiny_shadow_control_s00.qasm,791d89b4e514b054aea62d11d9cb817dbe925569b6a20eab5c4478a4e7382f94,2048,4,4,11,8,3,7,True,,,1.0,0.0,20260729.0,global_clifford,batched_static_setting,
1,tiny_shadow_qsvt_s00,interferometric_shadow_qsvt,shadow_qsvt,tiny_shadow_qsvt_s00,results/tiny_ridge_qsvt_shadows/qasm/tiny_shadow_qsvt_s00.qasm,d223240a79be7247e47ab6744ec60203c250813b5067f53f8881c36e91019208,2048,4,4,189,184,96,158,True,,,0.1893394687974295,0.0,20260729.0,global_clifford,batched_static_setting,Exact tiny-unitary equivalence; exponentially costly to construct and not scalable.
1,tiny_shadow_control_s01,interferometric_shadow_control,shadow_control,tiny_shadow_control_s01,results/tiny_ridge_qsvt_shadows/qasm/tiny_shadow_control_s01.qasm,4dec3369eb8584c24d143ddb1b2652002f91faf9f4fba6a2f8a5bf2900ab8b90,2048,4,4,7,6,2,6,True,,,1.0,1.0,20260730.0,global_clifford,batched_static_setting,
1,tiny_shadow_qsvt_s01,interferometric_shadow_qsvt,shadow_qsvt,tiny_shadow_qsvt_s01,results/tiny_ridge_qsvt_shadows/qasm/tiny_shadow_qsvt_s01.qasm,1cb6a68dde5f93505f446fce060609b5ad1a21077cd20a908651f56f06ef480d,2048,4,4,185,182,95,157,True,,,0.1893394687974295,1.0,20260730.0,global_clifford,batched_static_setting,Exact tiny-unitary equivalence; exponentially costly to construct and not scalable.
1,tiny_shadow_control_s02,interferometric_shadow_control,shadow_control,tiny_shadow_control_s02,results/tiny_ridge_qsvt_shadows/qasm/tiny_shadow_control_s02.qasm,d2cc1ee09e9111f9ea642f86595a52e0ce1e0de216845253d5e703b935b12a04,2048,4,4,8,6,2,6,True,,,1.0,2.0,20260731.0,global_clifford,batched_static_setting,
1,tiny_shadow_qsvt_s02,interferometric_shadow_qsvt,shadow_qsvt,tiny_shadow_qsvt_s02,results/tiny_ridge_qsvt_shadows/qasm/tiny_shadow_qsvt_s02.qasm,72bd3a4e3d29767993dc336812a0f7123bb934fe5c4ce92c8b7322f4891e6dce,2048,4,4,186,182,95,157,True,,,0.1893394687974295,2.0,20260731.0,global_clifford,batched_static_setting,Exact tiny-unitary equivalence; exponentially costly to construct and not scalable.
1,tiny_shadow_control_s03,interferometric_shadow_control,shadow_control,tiny_shadow_control_s03,results/tiny_ridge_qsvt_shadows/qasm/tiny_shadow_control_s03.qasm,b83863997cff042b358dd7a9543fa0715d53bf98513130677ca271eabae43566,2048,4,4,8,6,2,5,True,,,1.0,3.0,20260732.0,global_clifford,batched_static_setting,
1,tiny_shadow_qsvt_s03,interferometric_shadow_qsvt,shadow_qsvt,tiny_shadow_qsvt_s03,results/tiny_ridge_qsvt_shadows/qasm/tiny_shadow_qsvt_s03.qasm,c38540613a0d0ca695c0a85de76a2a8632e64547b107610cf7bcafa097167b0f,2048,4,4,186,182,95,156,True,,,0.1893394687974295,3.0,20260732.0,global_clifford,batched_static_setting,Exact tiny-unitary equivalence; exponentially costly to construct and not scalable.
1,tiny_shadow_control_s04,interferometric_shadow_control,shadow_control,tiny_shadow_control_s04,results/tiny_ridge_qsvt_shadows/qasm/tiny_shadow_control_s04.qasm,567daeb26339428a660c35c25a8ab539735031c6da0eef007bb87bbe73f0df6e,2048,4,4,11,8,3,7,True,,,1.0,4.0,20260733.0,global_clifford,batched_static_setting,
1,tiny_shadow_qsvt_s04,interferometric_shadow_qsvt,shadow_qsvt,tiny_shadow_qsvt_s04,results/tiny_ridge_qsvt_shadows/qasm/tiny_shadow_qsvt_s04.qasm,a62da7229f6c512205641c42a91b5024d1d9cf732e1af3fef5f245a0ae2dd078,2048,4,4,189,184,96,158,True,,,0.1893394687974295,4.0,20260733.0,global_clifford,batched_static_setting,Exact tiny-unitary equivalence; exponentially costly to construct and not scalable.
1,tiny_shadow_control_s05,interferometric_shadow_control,shadow_control,tiny_shadow_control_s05,results/tiny_ridge_qsvt_shadows/qasm/tiny_shadow_control_s05.qasm,f2b22e80a31c8863fb998b6b34b5ea62a8989c9ff47cb39d6cf8a8ad1ea62a69,2048,4,4,7,6,2,5,True,,,1.0,5.0,20260734.0,global_clifford,batched_static_setting,
1,tiny_shadow_qsvt_s05,interferometric_shadow_qsvt,shadow_qsvt,tiny_shadow_qsvt_s05,results/tiny_ridge_qsvt_shadows/qasm/tiny_shadow_qsvt_s05.qasm,78e660d81842e538325d4443d7595119d0b0bf3e418dc911bb12d74b510f5250,2048,4,4,185,182,95,156,True,,,0.1893394687974295,5.0,20260734.0,global_clifford,batched_static_setting,Exact tiny-unitary equivalence; exponentially costly to construct and not scalable.
1,tiny_shadow_control_s06,interferometric_shadow_control,shadow_control,tiny_shadow_control_s06,results/tiny_ridge_qsvt_shadows/qasm/tiny_shadow_control_s06.qasm,7420deb53a4ea89417e4353a4a6bbd78ba924460af81065188fb6f8f270cb70f,2048,4,4,8,6,2,5,True,,,1.0,6.0,20260735.0,global_clifford,batched_static_setting,
1,tiny_shadow_qsvt_s06,interferometric_shadow_qsvt,shadow_qsvt,tiny_shadow_qsvt_s06,results/tiny_ridge_qsvt_shadows/qasm/tiny_shadow_qsvt_s06.qasm,ad44f44ccefce07d48a60d1284e05b495732cf70f0ea829163f7989e331449f5,2048,4,4,186,182,95,156,True,,,0.1893394687974295,6.0,20260735.0,global_clifford,batched_static_setting,Exact tiny-unitary equivalence; exponentially costly to construct and not scalable.
1,tiny_shadow_control_s07,interferometric_shadow_control,shadow_control,tiny_shadow_control_s07,results/tiny_ridge_qsvt_shadows/qasm/tiny_shadow_control_s07.qasm,10c4da6365b12b62c70c3a404312ed015244e015097e2b179c0589f9f4f692ec,2048,4,4,5,5,2,4,True,,,1.0,7.0,20260736.0,global_clifford,batched_static_setting,
1,tiny_shadow_qsvt_s07,interferometric_shadow_qsvt,shadow_qsvt,tiny_shadow_qsvt_s07,results/tiny_ridge_qsvt_shadows/qasm/tiny_shadow_qsvt_s07.qasm,d15ffd377a3fbf81306e12ba3bfcc2d842b2fa564a7b197b814600b605336f2c,2048,4,4,183,181,95,155,True,,,0.1893394687974295,7.0,20260736.0,global_clifford,batched_static_setting,Exact tiny-unitary equivalence; exponentially costly to construct and not scalable.
1,tiny_shadow_control_s08,interferometric_shadow_control,shadow_control,tiny_shadow_control_s08,results/tiny_ridge_qsvt_shadows/qasm/tiny_shadow_control_s08.qasm,f9a0e2188ba5984c1eb47a27aa2ed8f2aee38f0c313ce05bec75d6463db4989c,2048,4,4,8,6,2,5,True,,,1.0,8.0,20260737.0,global_clifford,batched_static_setting,
1,tiny_shadow_qsvt_s08,interferometric_shadow_qsvt,shadow_qsvt,tiny_shadow_qsvt_s08,results/tiny_ridge_qsvt_shadows/qasm/tiny_shadow_qsvt_s08.qasm,e3004673206a9fa49f3450df8c6a5eb70eed206d44f755f3b982f7472d3cc3da,2048,4,4,186,182,95,156,True,,,0.1893394687974295,8.0,20260737.0,global_clifford,batched_static_setting,Exact tiny-unitary equivalence; exponentially costly to construct and not scalable.
1,tiny_shadow_control_s09,interferometric_shadow_control,shadow_control,tiny_shadow_control_s09,results/tiny_ridge_qsvt_shadows/qasm/tiny_shadow_control_s09.qasm,deb2234d09c123873adc7289f3a773c261d492988df73b602409d449466104b7,2048,4,4,12,9,4,8,True,,,1.0,9.0,20260738.0,global_clifford,batched_static_setting,
1,tiny_shadow_qsvt_s09,interferometric_shadow_qsvt,shadow_qsvt,tiny_shadow_qsvt_s09,results/tiny_ridge_qsvt_shadows/qasm/tiny_shadow_qsvt_s09.qasm,910c539dcc00d081146138c0ba2072bba8bf5e7e75033566eead3cec42d1b8f8,2048,4,4,190,185,97,159,True,,,0.1893394687974295,9.0,20260738.0,global_clifford,batched_static_setting,Exact tiny-unitary equivalence; exponentially costly to construct and not scalable.
1,tiny_shadow_control_s10,interferometric_shadow_control,shadow_control,tiny_shadow_control_s10,results/tiny_ridge_qsvt_shadows/qasm/tiny_shadow_control_s10.qasm,513dc4335f8ee788c6ff2ea18d9b849a43e153e67a4064aff948c93c7234de0d,2048,4,4,7,6,2,6,True,,,1.0,10.0,20260739.0,global_clifford,batched_static_setting,
1,tiny_shadow_qsvt_s10,interferometric_shadow_qsvt,shadow_qsvt,tiny_shadow_qsvt_s10,results/tiny_ridge_qsvt_shadows/qasm/tiny_shadow_qsvt_s10.qasm,c9cb01889718848e532eab065f94e4d14f55c33588a9511f440dc34ed47b4b24,2048,4,4,185,182,95,157,True,,,0.1893394687974295,10.0,20260739.0,global_clifford,batched_static_setting,Exact tiny-unitary equivalence; exponentially costly to construct and not scalable.
1,tiny_shadow_control_s11,interferometric_shadow_control,shadow_control,tiny_shadow_control_s11,results/tiny_ridge_qsvt_shadows/qasm/tiny_shadow_control_s11.qasm,ae4cfba44cffa808fdb2a14ce02af6c73834ed0e32661718ca00df5c5f1b1652,2048,4,4,7,6,2,6,True,,,1.0,11.0,20260740.0,global_clifford,batched_static_setting,
1,tiny_shadow_qsvt_s11,interferometric_shadow_qsvt,shadow_qsvt,tiny_shadow_qsvt_s11,results/tiny_ridge_qsvt_shadows/qasm/tiny_shadow_qsvt_s11.qasm,e4d25b99827d9a265c0de5829d034e652481a7f39697d3973339d39808edbbe8,2048,4,4,185,182,95,157,True,,,0.1893394687974295,11.0,20260740.0,global_clifford,batched_static_setting,Exact tiny-unitary equivalence; exponentially costly to construct and not scalable.
